original_text,document,paragraph_index,simplified_text
"Il presente allegato disciplina la procedura per la messa in esercizio, l'accreditamento e i conseguenti provvedimenti relativi all'attività delle unità d'offerta sociosanitarie, nel rispetto dei requisiti definiti previsti dalla normativa nazionale e regionale vigente.",3e0abd25f3bcf417e9e0a8b74e158ef5,1,"Questo documento spiega come avviare, autorizzare e gestire le attività delle strutture sanitarie, rispettando i requisiti stabiliti dalla legge nazionale e regionale."
"L'esercizio delle unità d'offerta sociosanitarie, ad eccezione di quelle con piano programma in corso e ancora soggette ad autorizzazione all'esercizio, è subordinato alla presentazione di una segnalazione certificata di inizio attività (SCIA) ai sensi dell'articolo 19 della legge 7 agosto 1990, n. 241, Nuove norme in materia di procedimento amministrativo e di diritto di accesso ai documenti amministrativi.",3e0abd25f3bcf417e9e0a8b74e158ef5,2,"Per poter esercitare le unità d'offerta sociosanitarie, tranne quelle con un piano programma già in corso e ancora in attesa di autorizzazione, è necessario presentare una segnalazione certificata di inizio attività (SCIA) in conformità all'articolo 19 della legge 7 agosto 1990, n. 241, che riguarda le nuove norme sul procedimento amministrativo e il diritto di accesso ai documenti amministrativi."
"La SCIA deve essere presentata nei seguenti casi:
- messa in esercizio di nuova unità d'offerta;
- trasferimento in altra sede di unità d'offerta già abilitata all'esercizio, anche all'interno dello stesso edificio;
- variazione della capacità ricettiva;
- variazioni nell'assetto dei servizi o delle prestazioni erogate;
- trasformazione di unità d'offerta esistente in altra tipologia;
- modifica dell'articolazione degli spazi della medesima unità di offerta, qualora le modifiche comportino, anche senza interventi edilizi, il mutare delle condizioni previste dal regolamento d'igiene o di sicurezza dei locali (come ad esempio: trasformazione di uffici in ambulatorio o palestre, trasformazione di aree di socializzazione in aree dove vengono erogate prestazioni sanitarie).
- eventi modificativi del soggetto gestore per le unità di offerta non accreditate (a titolo esemplificativo: nel caso di persone giuridiche private può trattarsi di subentro di un nuovo soggetto gestore, scioglimento, fusione per incorporazione o costituzione di un nuovo ente; nel caso di enti pubblici può trattarsi di successione tra enti, anche per effetto di intervenute modifiche del quadro normativo di riferimento)",3e0abd25f3bcf417e9e0a8b74e158ef5,3,"Quando è necessario presentare la Segnalazione Certificata di Inizio Attività (SCIA):
- quando si avvia una nuova attività;
- quando si sposta un'attività già autorizzata in un'altra sede, anche nello stesso edificio;
- quando si modificano i posti letto disponibili;
- quando si cambiano i servizi offerti o le prestazioni fornite;
- quando si trasforma un tipo di attività in un altro;
- quando si modificano gli spazi di un'attività, se ciò comporta cambiamenti nelle condizioni di igiene o sicurezza (ad esempio: trasformare uffici in ambulatori o palestre, trasformare aree comuni in aree sanitarie).
- quando cambia il gestore di un'attività non accreditata (ad esempio: per enti privati potrebbe essere il passaggio a un nuovo gestore, la chiusura, la fusione o la creazione di un nuovo ente; per enti pubblici potrebbe essere la successione tra enti a causa di modifiche normative)."
"Al fine di semplificare il procedimento, non è necessario produrre nuovamente documenti e dichiarazioni sostitutive di certificazioni o di atto notorio ancora in corso di validità già prodotti in altri procedimenti, ma è sufficiente citare nella SCIA il procedimento nel quale i documenti sono stati prodotti. Analogamente, nel caso di SCIA per varianti o modifiche (punti 3, 4 e 6), la documentazione da produrre riguarda le sole variazioni intervenute, aggiornando se necessario le planimetrie precedentemente autorizzate o positivamente verificate",3e0abd25f3bcf417e9e0a8b74e158ef5,4,"Per semplificare, non è necessario fare nuovi documenti o dichiarazioni se quelli che hai fatto per altri procedimenti sono ancora validi. Basta che menzioni nella SCIA il procedimento per il quale li hai fatti. Se presenti una SCIA per modifiche o varianti (punti 3, 4 e 6), devi allegare solo i documenti relativi alle modifiche apportate, aggiornando le planimetrie autorizzate o verificate positivamente se necessario."
"Non sono soggette a presentazione di SCIA, ma a semplice comunicazione alla ATS e per conoscenza alla Regione, le seguenti fattispecie:
- variazione del legale rappresentante del soggetto gestore: alla comunicazione si devono allegare l'atto di nomina e l'autocertificazione del possesso dei requisiti soggettivi del nuovo legale rappresentante (utilizzando la modulistica regionale);
- trasformazione giuridica del soggetto gestore che non si sostanzi nel subentro di un nuovo soggetto gestore: alla comunicazione si allega la documentazione relativa alla trasformazione avvenuta;
- modifiche nell'articolazione degli spazi che non comportino il mutare delle condizioni previste dal regolamento d'igiene o di sicurezza dei locali e interventi di manutenzione ordinaria e straordinaria. Le suddette comunicazioni sono trasmesse alla ATS con gli elaborati grafici aggiornati e l'indicazione dettagliata e motivata delle variazioni eseguite",3e0abd25f3bcf417e9e0a8b74e158ef5,5,"Le seguenti situazioni non richiedono l'invio di una SCIA, ma è sufficiente inviare una comunicazione all'ATS e copia alla Regione:
- Cambio del legale rappresentante dell'ente gestore: è necessario inviare una comunicazione allegando l'atto di nomina e un'autocertificazione che attesti che il nuovo legale rappresentante possiede i requisiti richiesti (utilizzando i moduli forniti dalla Regione).
- Cambiamenti nella struttura legale dell'ente gestore che non comportano il passaggio a un nuovo ente gestore: è necessario inviare una comunicazione allegando la documentazione relativa alla trasformazione avvenuta.
- Modifiche nella disposizione degli spazi che non influiscono sul rispetto delle norme igienico-sanitarie o di sicurezza degli ambienti, interventi di manutenzione ordinaria e straordinaria. Queste comunicazioni devono essere inviate all'ATS insieme ai disegni aggiornati e una spiegazione dettagliata delle modifiche apportate."
"Il legale rappresentante del soggetto gestore (o il procuratore speciale) presenta la SCIA, utilizzando la modulistica regionale, alla ATS competente per territorio, per conoscenza al comune di ubicazione dell'unità d'offerta e alla Regione, mediante presentazione diretta, invio postale con raccomandata con avviso di ricevimento, posta elettronica certificata (PEC). Unicamente per la ATS, alla SCIA devono essere allegati autocertificazioni, attestazioni ed elaborati tecnici atti a comprovare la sussistenza dei requisiti minimi stabiliti dal D.P.R. 14 gennaio 1997, dal presente provvedimento e dalla normativa regionale vigente in relazione alle singole tipologie di unità d'offerta.",3e0abd25f3bcf417e9e0a8b74e158ef5,6,"Il legale rappresentante del soggetto gestore (o il procuratore speciale) deve presentare la Segnalazione Certificata di Inizio Attività (SCIA) utilizzando i moduli regionali. La SCIA va presentata all'Agenzia di Tutela della Salute (ATS) competente per la zona, con copia al comune dove si trova l'attività e alla Regione. La presentazione può avvenire direttamente, tramite posta raccomandata con ricevuta di ritorno, posta elettronica certificata (PEC). Alla SCIA da presentare all'ATS devono essere allegati documenti di autocertificazione, certificazioni e documenti tecnici che dimostrino di rispettare i requisiti minimi stabiliti dal Decreto del Presidente della Repubblica del 14 gennaio 1997, da questo provvedimento e dalla normativa regionale in vigore per ciascuna tipologia di attività."
"La SCIA riguarda una sola unità d'offerta sociosanitaria. In caso di segnalazione da parte dello stesso soggetto gestore per una pluralità di strutture, è necessaria la presentazione di una SCIA separata per ciascuna di esse.",3e0abd25f3bcf417e9e0a8b74e158ef5,7,"La Segnalazione Certificata di Inizio Attività (SCIA) si applica a una singola struttura sociosanitaria. Se lo stesso gestore segnala più strutture, deve presentare una SCIA separata per ciascuna di esse."
"Dalla data di presentazione della SCIA, cioè di effettiva ricezione della stessa da parte della ATS, il soggetto è abilitato a porre in esercizio la relativa unità d'offerta e assume la responsabilità diretta della relativa gestione.",3e0abd25f3bcf417e9e0a8b74e158ef5,8,"Dal momento in cui presenti la SCIA e la ATS la riceve, sei autorizzato a mettere in funzione l'unità d'offerta e a gestirla direttamente."
La presentazione della SCIA presuppone il possesso di tutti i requisiti minimi stabiliti dalle disposizioni vigenti per l'esercizio dell'unità d'offerta. Lo standard di personale deve essere assicurato in relazione alla progressiva presa in carico di utenti.,3e0abd25f3bcf417e9e0a8b74e158ef5,9,Per presentare la SCIA è necessario avere tutti i requisiti minimi richiesti per gestire l'attività. Bisogna garantire un adeguato numero di dipendenti in base all'aumento degli utenti serviti.
La ATS non può subordinare in alcun modo l'inizio dell'effettivo esercizio dell'unità di offerta alla preventiva positiva verifica di sussistenza dei requisiti dichiarati e attestati nella SCIA.,3e0abd25f3bcf417e9e0a8b74e158ef5,10,La ATS non può ritardare l'inizio dell'attività dell'unità di offerta fino a quando non ha verificato positivamente i requisiti dichiarati e certificati nella SCIA.
"Il soggetto gestore, ai fini del mantenimento dell'abilitazione all'esercizio, è tenuto ad assolvere al debito informativo previsto per la specifica unità d'offerta.",3e0abd25f3bcf417e9e0a8b74e158ef5,11,Il gestore deve fornire le informazioni richieste per mantenere l'autorizzazione a operare nell'ambito dell'offerta specifica.
"Il soggetto gestore è tenuto inoltre a garantire alla ATS, nell'ambito dell'esercizio delle funzioni di vigilanza e controllo: l'accesso a tutti i locali della struttura; l'accesso alla documentazione rilevante ai fini dell'esercizio dell'unità di offerta; la possibilità di intraprendere ogni ulteriore esame finalizzato a verificare l'allineamento della gestione reale a quanto dichiarato nei diversi documenti prodotti; la facoltà di assumere informazioni dirette dal personale, dagli ospiti e dai loro familiari.",3e0abd25f3bcf417e9e0a8b74e158ef5,12,"Il gestore deve garantire alla ATS quanto segue durante l'esercizio delle funzioni di vigilanza e controllo: 
- Accesso a tutti i locali della struttura;
- Accesso alla documentazione necessaria per l'esercizio dell'unità di offerta;
- Possibilità di effettuare ulteriori controlli per verificare che la gestione effettiva corrisponda a quanto dichiarato nei documenti prodotti;
- Autorizzazione a raccogliere informazioni direttamente dal personale, dagli ospiti e dai loro familiari."
"In caso di SCIA incompleta, mancante cioè di elementi essenziali (come ad esempio: la sottoscrizione da parte del legale rappresentante, i dati o la documentazione allegata previsti nella modulistica regionale, la possibilità di identificare la tipologia di unità d'offerta a cui la SCIA si riferisce), la ATS, senza attendere la decorrenza dei termini previsti per le verifiche comunica al soggetto gestore l'irricevibilità o l'inammissibilità o l'improcedibilità della SCIA, ai sensi della legge n. 241/1990. Il gestore ha in tal caso la facoltà di presentare una nuova SCIA.",3e0abd25f3bcf417e9e0a8b74e158ef5,13,"Se la tua comunicazione di inizio attività (SCIA) è incompleta perché mancano informazioni essenziali (come la firma del legale rappresentante, i dati richiesti nel modulo regionale o la documentazione allegata necessaria per identificare il tipo di attività a cui si riferisce la SCIA), l'Agenzia di Tutela della Salute (ATS) ti informerà immediatamente dell'irricevibilità, inammissibilità o improcedibilità della SCIA, senza dover aspettare i tempi previsti per le verifiche, come previsto dalla legge n. 241/1990. In questo caso, avrai la possibilità di presentare una nuova comunicazione di inizio attività."
"In caso di presentazione di SCIA formalmente regolare, la ATS inserisce i relativi dati nel registro informatizzato delle unità d'offerta sociosanitarie;",3e0abd25f3bcf417e9e0a8b74e158ef5,14,"Quando presenti una SCIA regolare, l'ATS registra i dati nel registro informatico delle strutture sociosanitarie."
"In caso di presentazione di SCIA formalmente regolare, la ATS accerta, entro sessanta giorni dall'effettivo ricevimento della SCIA, l'esistenza dei requisiti per l'esercizio dell'unità d'offerta, effettuando anche un sopralluogo presso la struttura;",3e0abd25f3bcf417e9e0a8b74e158ef5,15,"Se presenti una SCIA regolare, l'ATS verificherà entro sessanta giorni dalla ricezione della SCIA se sono soddisfatti i requisiti per gestire l'attività, effettuando un sopralluogo presso la struttura."
"In caso di presentazione di SCIA formalmente regolare, la ATS, nel caso di verifica positiva, ne comunica l'esito al gestore;",3e0abd25f3bcf417e9e0a8b74e158ef5,16,"Se presenti correttamente la Segnalazione Certificata di Inizio Attività (SCIA), l'Agenzia di Tutela della Salute (ATS) ti comunicherà l'esito positivo della verifica."
"In caso di presentazione di SCIA formalmente regolare, la ATS, nel caso invece di accertata carenza dei requisiti minimi, fatta salva l'applicazione delle dovute sanzioni amministrative previste dall'articolo 27 della legge regionale n. 33/2009 e s.m.i., sempre entro sessanta giorni dal ricevimento della SCIA, emette un atto di diffida imponendo al gestore di ottemperare alle prescrizioni rilevate entro un congruo termine non inferiore a trenta giorni. Qualora si riscontri una situazione di rischio per la salute o per la sicurezza pubblica, dispone con provvedimento motivato il divieto di prosecuzione dell'attività e l'obbligo di rimozione degli eventuali effetti dannosi provocati. In tale eventualità gravano in capo al soggetto gestore tutti gli adempimenti e i relativi oneri per la idonea collocazione degli utenti in altre unità d'offerta, in raccordo con la ATS, gli utenti e loro famiglie (o i tutori o gli amministratori di sostegno) e i comuni di residenza degli utenti;",3e0abd25f3bcf417e9e0a8b74e158ef5,17,"Se presenti una SCIA regolare, l'ATS emette un atto di diffida entro sessanta giorni dalla ricezione del documento se mancano i requisiti minimi. In questo caso, il gestore deve rispettare le prescrizioni entro trenta giorni. Se c'è un rischio per la salute pubblica, l'ATS può vietare l'attività e chiedere la rimozione dei danni causati. Il gestore è responsabile di trasferire gli utenti in altre strutture, in collaborazione con l'ATS, gli utenti e le loro famiglie, i tutori o gli amministratori di sostegno e i comuni di residenza degli utenti. Le sanzioni previste dalla legge regionale n. 33/2009 e successive modifiche saranno applicate in caso di mancata conformità."
"In caso di presentazione di SCIA formalmente regolare, la ATS, fatte salve le responsabilità di natura civile e penale, nonché le sanzioni dovute per l'inosservanza di altre normative regionali o nazionali, in caso di mancato adeguamento nei termini indicati alle prescrizioni contenute nella diffida, adotta un provvedimento motivato di divieto di prosecuzione dell'attività, ai sensi dall'art. 19 della legge n. 241/1990;",3e0abd25f3bcf417e9e0a8b74e158ef5,18,"Se presenti una SCIA correttamente compilata, l'ATS può vietare la continuazione dell'attività se non ti adegui alle prescrizioni indicate nella diffida entro i termini stabiliti. Questo provvedimento sarà motivato e si baserà sull'articolo 19 della legge n. 241/1990, fatta salva la responsabilità civile e penale e le sanzioni per non aver rispettato altre normative regionali o nazionali."
"In caso di presentazione di SCIA formalmente regolare, la ATS fornisce alla Regione comunicazione dell'esito delle verifiche condotte e dei provvedimenti adottati. Tutte le comunicazioni tra ATS e Regione avvengono via PEC nel rispetto dell'articolo 65 del decreto legislativo 7 marzo 2005, n. 82, Codice dell'Amministrazione Digitale.",3e0abd25f3bcf417e9e0a8b74e158ef5,19,"Quando si presenta una SCIA correttamente compilata, l'ATS informa la Regione sui risultati dei controlli effettuati e sulle decisioni prese. Le comunicazioni tra ATS e Regione avvengono tramite PEC, come previsto dall'articolo 65 del Codice dell'Amministrazione Digitale (D.Lgs. 7 marzo 2005, n. 82)."
"Fatte salve le responsabilità di natura civile e penale, nonché le sanzioni dovute al mancato rispetto di altre normative regionali o nazionali, le unità d'offerta sociosanitarie incorrono nella sospensione o revoca dell'autorizzazione o abilitazione all'esercizio, quando l'attività sia esercitata in mancanza dei requisiti minimi, previa diffida da parte della ATS ad adempiere alle prescrizioni per il ripristino dei requisiti entro un congruo termine non inferiore a trenta giorni.",3e0abd25f3bcf417e9e0a8b74e158ef5,20,"Le strutture sanitarie possono perdere l'autorizzazione se non rispettano i requisiti minimi richiesti. Prima di revocare l'autorizzazione, l'Agenzia di Tutela della Salute (ATS) invia una diffida e dà un tempo di almeno trenta giorni per adeguarsi alle regole. Questa situazione può comportare responsabilità civili e penali, così come sanzioni per non rispettare le normative regionali o nazionali."
"In caso di cessazione dell'attività, il gestore deve darne comunicazione alla ATS, al Comune e alla Regione, dimostrando di aver garantito la continuità dell'assistenza agli utenti.",3e0abd25f3bcf417e9e0a8b74e158ef5,21,"Se smetti l'attività, devi avvisare l'ATS, il Comune e la Regione e dimostrare di aver assicurato che l'assistenza agli utenti continui."
"L'accreditamento delle unità d'offerta sociosanitarie è subordinato alla presentazione di specifica istanza. Specifica istanza deve essere presentata anche per le unità d'offerta già accreditate, nei seguenti casi:
- variazione, sia in aumento che in riduzione, della capacità ricettiva,
- trasformazione di unità d'offerta esistente in altra tipologia;
- trasferimento della sede in cui è svolta l'attività, anche all'interno dello stesso edificio;
- voltura, da intendersi come effettivo trasferimento della gestione tra due distinti soggetti",3e0abd25f3bcf417e9e0a8b74e158ef5,22,"Per ottenere l'accreditamento delle strutture sociosanitarie è necessario presentare una specifica richiesta. Anche le strutture già accreditate devono presentare una specifica richiesta nei seguenti casi:
- se cambia la capacità ricettiva, sia aumentando che diminuendo;
- se l'unità esistente viene trasformata in un'altra tipologia;
- se la sede in cui si svolge l'attività viene spostata, anche all'interno dello stesso edificio;
- se avviene il passaggio di gestione da un soggetto a un altro."
"L'istanza deve essere presentata, utilizzando la modulistica regionale, alla Regione e alla ATS competente per territorio, mediante presentazione diretta, invio postale con raccomandata con avviso di ricevimento, posta elettronica certificata (PEC). La trasmissione alla Regione deve avvenire esclusivamente tramite PEC.",3e0abd25f3bcf417e9e0a8b74e158ef5,23,"Per presentare la richiesta, devi compilare il modulo della tua regione e inviarlo direttamente alla Regione e all'ATS del tuo territorio. Puoi farlo di persona, inviando una raccomandata con ricevuta di ritorno o tramite posta elettronica certificata (PEC). Ricorda che la documentazione va inviata alla Regione solo tramite PEC."
"All'istanza di accreditamento, unicamente per la ATS, devono essere allegati dichiarazioni sostitutive di certificazioni o atti notori, attestazioni ed elaborati tecnici, necessari a comprovare la sussistenza dei requisiti soggettivi, strutturali e tecnologici, organizzativi e gestionali previsti dal presente provvedimento e dalla normativa vigente per la specifica tipologia di unità d'offerta.",3e0abd25f3bcf417e9e0a8b74e158ef5,24,"Per richiedere l'accreditamento presso l'ATS, è necessario allegare dichiarazioni sostitutive di certificazioni o atti notori, attestazioni ed elaborati tecnici che dimostrino di possedere i requisiti richiesti dalla legge e dal provvedimento in vigore per il tipo specifico di servizio offerto."
"La presentazione dell'istanza di accreditamento può avvenire:
- contestualmente alla presentazione della SCIA, ovvero con una SCIA cosiddetta contestuale, presentata con le stesse modalità di cui al precedente paragrafo 2.4;
- successivamente, in presenza di un'attività già abilitata o autorizzata all'esercizio",3e0abd25f3bcf417e9e0a8b74e158ef5,25,"Puoi presentare la richiesta di accreditamento in due modi:
1. Insieme alla presentazione della Segnalazione Certificata di Inizio Attività (SCIA), utilizzando la stessa procedura descritta nel paragrafo 2.4.
2. In seguito, se l'attività è già abilitata o autorizzata."
"La ATS procede a verificare il possesso dei requisiti previsti tramite analisi documentale e visita in loco, e qualora le verifiche si concludano con esito positivo, adotta, entro sessanta giorni dal ricevimento dell'istanza, il provvedimento di parere positivo per l'accreditamento o di modifica dello stesso, sulla base di attestazione del possesso di ogni requisito.",3e0abd25f3bcf417e9e0a8b74e158ef5,26,"L'ATS verifica se si possiedono i requisiti necessari tramite analisi dei documenti e visita sul posto. Se le verifiche hanno esito positivo, rilascia entro sessanta giorni dalla ricezione della richiesta il parere positivo per l'accreditamento o la sua modifica, confermando il possesso di tutti i requisiti richiesti."
"Nel caso invece di accertata carenza o di mancato mantenimento di un requisito, fatte salve le eventuali responsabilità di natura civile e penale e l'applicazione delle dovute sanzioni amministrative previste dall'articolo 27 della legge regionale n. 33/2009 e s.m.i., la ATS:
- emette un atto di diffida, imponendo al gestore di ottemperare alle prescrizioni impartite entro un congruo termine, che non può essere superiore a sessanta giorni;
- accertato l'assolvimento delle prescrizioni, adotta il provvedimento di parere positivo per l'accreditamento o la modifica dello stesso;
- decorso invece infruttuosamente il termine della diffida, adotta il provvedimento di parere negativo al rilascio dell'accreditamento",3e0abd25f3bcf417e9e0a8b74e158ef5,27,"Se viene riscontrata una mancanza o un mancato rispetto di un requisito, la ATS procede nel seguente modo:
- emette un avviso formale, dando al responsabile un periodo di tempo ragionevole (massimo sessanta giorni) per adempiere agli obblighi richiesti;
- una volta verificato il rispetto degli obblighi, emette un parere positivo per l'accreditamento o la sua modifica;
- se invece il termine dell'avviso formale scade senza che il responsabile abbia adempiuto agli obblighi, emette un parere negativo e non rilascia l'accreditamento."
"Qualora l'accertamento della mancanza dei requisiti di esercizio o di accreditamento sia tale da comportare un grave rischio per la salute dei cittadini, la ATS emette la diffida ad ottemperare ai requisiti carenti e dispone contestuale ed immediato divieto di prosecuzione dell'attività e, per le unità d'offerta accreditate, atto di proposta di sospensione dell'accreditamento per un periodo minimo di tre giorni ed un massimo di centottanta. In tale eventualità gravano in capo al soggetto gestore tutti gli adempimenti e i relativi oneri per l'idonea collocazione degli utenti in altre unità d'offerta, in raccordo con la ATS, gli utenti stessi e le loro famiglie (o i tutori o gli amministratori di sostegno) e i Comuni di residenza degli utenti.",3e0abd25f3bcf417e9e0a8b74e158ef5,28,"Se l'ATS accerta che mancano i requisiti necessari per svolgere un'attività o per essere accreditati, e questo rappresenta un grave rischio per la salute dei cittadini, emette una diffida affinché vengano rispettati i requisiti mancanti. Allo stesso tempo, vieta immediatamente la continuazione dell'attività e, nel caso delle strutture accreditate, propone la sospensione dell'accreditamento per un periodo che va da tre a centottanta giorni. In questo caso, il gestore dell'attività è responsabile di organizzare il trasferimento degli utenti presso altre strutture, in collaborazione con l'ATS, gli utenti stessi e le loro famiglie (o tutori o amministratori di sostegno) e i Comuni di residenza degli utenti."
Tutti i provvedimenti adottati dalla ATS devono essere trasmessi alla Regione e al soggetto gestore entro cinque giorni lavorativi dalla loro adozione.,3e0abd25f3bcf417e9e0a8b74e158ef5,29,La ATS deve inviare tutti i provvedimenti adottati alla Regione e al soggetto gestore entro cinque giorni lavorativi.
"La Regione, a seguito di ricevimento dei provvedimenti di parere, procede, entro i successivi sessanta giorni, alla emissione del provvedimento relativo all' accreditamento con iscrizione/aggiornamento della posizione dell'unità d'offerta nel registro informatizzato delle unità d'offerta sociosanitarie accreditate, dandone comunicazione alla ATS e al soggetto gestore interessato.",3e0abd25f3bcf417e9e0a8b74e158ef5,30,"Dopo aver ricevuto i pareri necessari, la Regione emette il provvedimento di accreditamento dell'unità d'offerta nel registro delle unità sociosanitarie accreditate entro sessanta giorni e ne informa l'ATS e il gestore interessato."
"Entro sessanta giorni dalla comunicazione del provvedimento regionale, il soggetto gestore deve avviare l'attività oggetto di accreditamento con l'effettiva presa in carico di utenti, dandone comunicazione alla ATS competente.",3e0abd25f3bcf417e9e0a8b74e158ef5,31,"Il soggetto gestore deve iniziare l'attività autorizzata entro sessanta giorni dalla comunicazione della Regione, accogliendo gli utenti e informando l'ATS competente."
"La ATS esegue un ulteriore sopralluogo, senza preavviso, al fine di verificare il mantenimento dei requisiti, entro novanta giorni dalla comunicazione del provvedimento regionale.",3e0abd25f3bcf417e9e0a8b74e158ef5,32,L'ATS effettuerà un controllo a sorpresa entro novanta giorni dalla comunicazione della decisione della regione per verificare il rispetto dei requisiti richiesti.
Dell'esito del sopralluogo la ATS dà comunicazione entro cinque giorni alla Regione con l'invio del relativo verbale.,3e0abd25f3bcf417e9e0a8b74e158ef5,33,"La ATS comunica l'esito del sopralluogo alla Regione entro cinque giorni, inviando il verbale corrispondente."
"Nei casi in cui il sopralluogo post accreditamento si concluda con esito negativo, fatte salve le responsabilità di natura civile e penale e l'applicazione delle dovute sanzioni amministrative previste dall'articolo 27 della legge regionale n. 33/2009 e s.m.i., si applica la seguente procedura:
- ATS emette un atto di diffida, imponendo al gestore di ottemperare alle prescrizioni impartite entro un congruo termine, che non può essere superiore a trenta giorni;
- accertato l'assolvimento delle prescrizioni la ATS comunica alla Regione e al soggetto gestore l'esito positivo della verifica;
- decorso invece infruttuosamente il termine della diffida, adotta il provvedimento di proposta di sospensione dell'accreditamento per un periodo minimo di tre e massimo di centottanta giorni, durante il quale il soggetto gestore è tenuto ad adeguarsi alle prescrizioni;
- al termine della sospensione di accreditamento disposta dalla Regione, accertato l'assolvimento delle prescrizioni, la ATS comunica alla Regione e al soggetto gestore l'esito positivo della verifica;
- nel caso di ulteriore mancato adeguamento, ovvero in caso di fatti di accertata gravità, la ATS adotta il provvedimento di proposta di revoca dell'accreditamento",3e0abd25f3bcf417e9e0a8b74e158ef5,34,"Se il controllo successivo all'accreditamento risulta negativo, si segue questa procedura:
- L'Agenzia di Tutela della Salute (ATS) emette un avviso al gestore, chiedendo di rispettare le indicazioni entro massimo trenta giorni;
- Se il gestore rispetta le indicazioni, l'ATS informa la Regione e il gestore che il controllo è andato bene;
- Se il gestore non rispetta le indicazioni entro il termine dell'avviso, l'ATS propone di sospendere l'accreditamento per almeno tre mesi e al massimo sei mesi, durante i quali il gestore deve adeguarsi alle indicazioni;
- Alla fine della sospensione dell'accreditamento decisa dalla Regione, se il gestore ha rispettato le indicazioni, l'ATS informa la Regione e il gestore che il controllo è andato bene;
- Se il gestore continua a non adeguarsi o se ci sono problemi gravi, l'ATS propone di revocare l'accreditamento."
"Qualora l'accertamento della mancanza dei requisiti di esercizio o di accreditamento sia tale da comportare un grave rischio per la salute dei cittadini, la ATS emette la diffida ad ottemperare ai requisiti carenti e dispone contestuale ed immediato divieto di prosecuzione dell'attività e proposta di sospensione dell'accreditamento per un periodo minimo di tre giorni ed un massimo di centottanta. In tale eventualità gravano in capo al soggetto gestore tutti gli adempimenti e i relativi oneri per l'idonea collocazione degli utenti in altre unità d'offerta, in raccordo con la ATS, gli utenti stessi e le loro famiglie (o i tutori o gli amministratori di sostegno) e i Comuni di residenza degli utenti.",3e0abd25f3bcf417e9e0a8b74e158ef5,35,"Se l'ATS accerta che mancano i requisiti necessari per svolgere un'attività sanitaria o per essere accreditati, e se ciò rappresenta un grave rischio per la salute dei cittadini, emette una diffida affinché vengano rispettati i requisiti mancanti. Allo stesso tempo, vieta immediatamente la continuazione dell'attività e propone di sospendere l'accreditamento per un periodo che va da tre a centottanta giorni. In questo caso, il gestore dell'attività è responsabile di organizzare il trasferimento degli utenti presso altre strutture, in collaborazione con l'ATS, gli utenti stessi e le loro famiglie (o tutori o amministratori di sostegno) e i Comuni di residenza degli utenti."
"Nel caso in cui il sopralluogo post accreditamento si concluda con la constatazione che l'attività con l'effettiva presa in carico degli utenti non sia ancora iniziata, la ATS adotta entro 30 giorni il provvedimento di proposta di decadenza dell'accreditamento.",3e0abd25f3bcf417e9e0a8b74e158ef5,36,"Se dopo il sopralluogo successivo all'accreditamento si verifica che l'attività di presa in carico degli utenti non è ancora iniziata, l'Agenzia di Tutela della Salute adotterà entro 30 giorni la proposta di revoca dell'accreditamento."
Tutti i provvedimenti adottati dalla ATS devono essere trasmessi alla Regione e al soggetto gestore entro cinque giorni lavorativi dalla loro adozione.,3e0abd25f3bcf417e9e0a8b74e158ef5,37,La ATS deve inviare tutti i provvedimenti adottati alla Regione e al soggetto gestore entro cinque giorni lavorativi.
"La Regione, a seguito di ricevimento dei provvedimenti, procede, entro i successivi sessanta giorni, ad emettere provvedimento relativo all' accreditamento dell'unità d'offerta con iscrizione/aggiornamento del registro informatizzato delle unità d'offerta sociosanitarie accreditate dandone comunicazione alla ATS e al soggetto gestore interessato.",3e0abd25f3bcf417e9e0a8b74e158ef5,38,"Dopo aver ricevuto i provvedimenti, la Regione emette entro sessanta giorni il provvedimento sull'accreditamento dell'unità d'offerta e aggiorna il registro delle unità d'offerta sociosanitarie accreditate. Successivamente, comunica la decisione all'ATS e al soggetto gestore interessato."
Il procedimento di accreditamento si perfeziona all'atto dell'iscrizione nel registro regionale delle strutture accreditate.,3e0abd25f3bcf417e9e0a8b74e158ef5,39,"Per essere accreditati, devi iscriverti nel registro regionale delle strutture accreditate."
"Il soggetto gestore è tenuto, già dal momento di presentazione della SCIA contestuale o della richiesta di accreditamento, a dimostrare il possesso di tutti requisiti previsti per l'accreditamento dell'unità di offerta, indipendentemente dall'effettiva presenza di utenti. Lo standard di personale è invece assicurato in relazione alla progressiva presa in carico di utenti.",3e0abd25f3bcf417e9e0a8b74e158ef5,40,"Il gestore deve dimostrare di avere tutti i requisiti necessari per l'accreditamento dell'unità di offerta già al momento di presentare la SCIA o la richiesta di accreditamento, anche se non ci sono ancora utenti. Il personale standard, invece, deve essere garantito man mano che vengono presi in carico gli utenti."
L'accreditamento dell'unità di offerta comporta l'obbligo per il soggetto gestore di mantenere i requisiti di esercizio e accreditamento previsti dal presente provvedimento e dalla normativa per la specifica tipologia di unità d'offerta.,3e0abd25f3bcf417e9e0a8b74e158ef5,41,"Quando un'unità sanitaria ottiene l'accreditamento, il gestore deve rispettare i requisiti stabiliti da questo provvedimento e dalla legge per quel tipo di struttura."
"Il soggetto gestore accreditato è tenuto a:
- assolvere il debito informativo prescritto dalla Regione;
- garantire alla ATS, che esercita ai sensi della normativa regionale i compiti di vigilanza e controllo sulle unità d'offerta: l'accesso a tutti i locali della struttura; l'accesso alla documentazione relativa al rapporto di accreditamento o, comunque, rilevante ai fini dell'esercizio dell'unità di offerta; la possibilità di intraprendere ogni ulteriore esame finalizzato a verificare l'allineamento della gestione reale a quanto dichiarato nei diversi documenti prodotti; la facoltà di assumere informazioni dirette dal personale, dagli ospiti e dai loro familiari;
- rispettare le procedure previste nei casi di variazione del soggetto gestore",3e0abd25f3bcf417e9e0a8b74e158ef5,42,"Il gestore accreditato deve:
- fornire tutte le informazioni richieste dalla Regione;
- consentire all'ATS, che svolge compiti di vigilanza e controllo sulle strutture, di accedere a tutti i locali, alla documentazione sull'accreditamento e di effettuare eventuali verifiche aggiuntive; 
- permettere di raccogliere informazioni direttamente dal personale, dagli ospiti e dai familiari;
- seguire le procedure stabilite in caso di cambio del gestore."
"Per presentare istanza di accreditamento, si conferma la possibilità da parte del soggetto gestore di attestare i requisiti di accreditamento mediante perizia asseverata, secondo le modalità previste con la D.G.R. del 7 febbraio 2005, n. 20465, ""Ulteriori determinazioni procedurali in ordine ai percorsi di semplificazione per le unità d'offerta sociosanitarie"".",3e0abd25f3bcf417e9e0a8b74e158ef5,43,"Per richiedere l'accreditamento, il soggetto gestore può confermare di possedere i requisiti necessari attraverso una perizia asseverata, come indicato nella D.G.R. del 7 febbraio 2005, n. 20465, che stabilisce le modalità per i percorsi di semplificazione per le unità d'offerta sociosanitarie."
"Il trasferimento dell'accreditamento da un soggetto gestore a un altro è subordinato all'emanazione di un provvedimento di voltura da parte di Regione, previo favorevole parere dell'ATS, finalizzato ad attestare la sussistenza dei requisiti soggettivi del soggetto gestore subentrante.",3e0abd25f3bcf417e9e0a8b74e158ef5,44,"Per trasferire l'accreditamento da un soggetto gestore a un altro, è necessario che la Regione emani un provvedimento di voltura. Questo avviene previo parere favorevole dell'ATS, che attesta che il nuovo soggetto gestore possiede i requisiti necessari."
Non è ammessa la voltura di unità d'offerta non funzionanti.,3e0abd25f3bcf417e9e0a8b74e158ef5,45,Non puoi trasferire la proprietà di un'unità d'offerta che non funziona.
"Il soggetto gestore subentrante attiva il procedimento attraverso la presentazione di un'istanza alla Regione e alla ATS competente per territorio, utilizzando l'apposita modulistica regionale, mediante presentazione diretta, invio postale con raccomandata con avviso di ricevimento, posta elettronica certificata (PEC). La trasmissione alla Regione deve avvenire esclusivamente tramite PEC.",3e0abd25f3bcf417e9e0a8b74e158ef5,46,"Il gestore che subentra avvia la procedura presentando un'istanza alla Regione e all'ATS competente per territorio, utilizzando i moduli regionali appositi. Può farlo direttamente, inviando una raccomandata con avviso di ricevimento per posta, oppure tramite posta elettronica certificata (PEC). È obbligatorio inviare l'istanza alla Regione esclusivamente tramite PEC."
"All'istanza di voltura dell'accreditamento, unicamente per la ATS, deve essere allegata la seguente documentazione:",3e0abd25f3bcf417e9e0a8b74e158ef5,47,"Per richiedere il cambio di titolarità dell'accreditamento presso l'ATS, è necessario allegare i seguenti documenti:"
"il contratto e/o l'atto unilaterale di cessione, in relazione al quale il nuovo soggetto subentra nella gestione dell'unità d'offerta, la cui efficacia è comunque subordinata all'adozione del provvedimento di voltura dell'accreditamento;",3e0abd25f3bcf417e9e0a8b74e158ef5,48,"Il nuovo soggetto che prende il controllo dell'unità d'offerta deve firmare il contratto o l'atto unilaterale di cessione. Tuttavia, questo passaggio è valido solo dopo che è stato adottato il provvedimento per cambiare il titolare dell'accreditamento."
per l'ipotesi in cui l'immobile non sia di proprietà del soggetto gestore: dichiarazione del proprietario che attesti che non sussistono impedimenti al subentro del nuovo soggetto nel godimento dell'immobile e al trasferimento dell'accreditamento (come ad esempio vincoli derivanti da finanziamento pubblico per la realizzazione o la ristrutturazione dell'immobile ove è esercitata l'unità d'offerta);,3e0abd25f3bcf417e9e0a8b74e158ef5,49,"Se l'immobile non è di proprietà del soggetto gestore, è necessario che il proprietario rilasci una dichiarazione che attesti l'assenza di impedimenti al subentro del nuovo soggetto nel godimento dell'immobile e al trasferimento dell'accreditamento. Gli impedimenti potrebbero derivare, ad esempio, da vincoli legati a finanziamenti pubblici per la realizzazione o la ristrutturazione dell'immobile in cui si trova l'unità d'offerta."
"attestazione, da parte del soggetto subentrante, del possesso dei requisiti soggettivi di esercizio, di accreditamento e, qualora il soggetto uscente sia titolare di contratto con la ATS, anche dei requisiti soggettivi per la sottoscrizione del contratto;",3e0abd25f3bcf417e9e0a8b74e158ef5,50,"Il soggetto subentrante deve attestare di possedere i requisiti necessari per poter esercitare l'attività, per essere accreditato e, se il soggetto uscente ha un contratto con l'ATS, anche per poter firmare il contratto."
"dichiarazione di impegno del soggetto subentrante a garantire il mantenimento dei requisiti organizzativi e gestionali, strutturali e tecnologici, di esercizio e di accreditamento;",3e0abd25f3bcf417e9e0a8b74e158ef5,51,"Il soggetto subentrante si impegna a garantire il mantenimento dei requisiti organizzativi, gestionali, strutturali e tecnologici necessari per l'esercizio e l'accreditamento."
dichiarazione di impegno del soggetto uscente a garantire la continuità dell'attività sino all'adozione del provvedimento di voltura.,3e0abd25f3bcf417e9e0a8b74e158ef5,52,Impegno del soggetto uscente a garantire la continuità dell'attività fino all'adozione del provvedimento di voltura.
"Il richiedente non è tenuto a produrre, se non in caso di loro modifica, i documenti che attestano il possesso dei requisiti di carattere strutturale.",3e0abd25f3bcf417e9e0a8b74e158ef5,53,"Il richiedente non deve presentare i documenti che confermano di possedere i requisiti strutturali, a meno che non siano stati modificati."
"Entro sessanta giorni dalla presentazione dell'istanza, la ATS procede a verificare il possesso dei requisiti soggettivi e, in caso di esito positivo, adotta il provvedimento di parere favorevole alla voltura dell'accreditamento, attestante il possesso dei requisiti soggettivi del nuovo soggetto gestore. Qualora le verifiche si concludano con esito negativo, la ATS adotta il provvedimento di parere negativo alla voltura dell'accreditamento.",3e0abd25f3bcf417e9e0a8b74e158ef5,54,"La ATS verifica i requisiti del nuovo gestore entro sessanta giorni dalla presentazione della richiesta. Se i requisiti sono soddisfatti, rilascia un parere favorevole per il trasferimento dell'accreditamento. In caso contrario, emette un parere negativo."
"Entro cinque giorni lavorativi dalla loro adozione, tutti i provvedimenti adottati dalla ATS devono essere trasmessi al soggetto gestore e alla Regione che procede ad emettere il provvedimento di voltura, entro i successivi sessanta giorni con aggiornamento del registro informatizzato delle unità di offerta sociosanitarie accreditate, dandone comunicazione alla ATS e al soggetto interessato.",3e0abd25f3bcf417e9e0a8b74e158ef5,55,"La ATS deve inviare tutti i provvedimenti adottati entro cinque giorni lavorativi dalla loro adozione al soggetto gestore e alla Regione. La Regione emetterà il provvedimento di voltura entro sessanta giorni e aggiornerà il registro delle unità di offerta sociosanitarie accreditate. Successivamente, comunicherà la decisione alla ATS e al soggetto interessato."
"La ATS, entro novanta giorni dalla comunicazione del provvedimento di voltura con aggiornamento del registro regionale, effettua una visita di vigilanza presso l'unità d'offerta, al fine di verificare il mantenimento dei requisiti, con particolare attenzione ai requisiti organizzativi e gestionali.",3e0abd25f3bcf417e9e0a8b74e158ef5,56,"Entro tre mesi dalla comunicazione del cambio di proprietà con aggiornamento del registro regionale, l'ATS effettua un controllo presso l'unità d'offerta per verificare che mantenga i requisiti richiesti, con particolare attenzione all'organizzazione e alla gestione."
"Le unità d'offerta realizzate con finanziamenti pubblici di natura regionale o statale mantengono, anche in caso di voltura, il vincolo di destinazione.",3e0abd25f3bcf417e9e0a8b74e158ef5,57,"Le attività finanziate con soldi pubblici regionali o statali devono essere utilizzate per lo scopo previsto, anche se vengono trasferite a un'altra persona."
"Ai fini di quanto sopra, il soggetto pubblico proprietario dell'immobile nel quale viene esercitata l'attività di un'unità d'offerta e che intenda affidare la gestione dell'attività, regola i propri rapporti con l'affidatario tramite l'inserimento nel relativo capitolato di condizioni volte a garantire:
- il rispetto di tutti i requisiti di esercizio e di accreditamento;
- l'osservanza delle condizioni di accesso alla sottoscrizione dell'eventuale contratto con la ATS, previste dalla normativa;
- la corretta gestione dell'unità d'offerta ai sensi della vigente normativa nazionale e regionale",3e0abd25f3bcf417e9e0a8b74e158ef5,58,"Il proprietario pubblico dell'immobile in cui si svolge un'attività commerciale e che vuole affidare la gestione dell'attività regola i suoi rapporti con il gestore inserendo nel contratto condizioni che garantiscono:
- il rispetto di tutti i requisiti necessari per svolgere l'attività e ottenere l'accreditamento;
- il rispetto delle condizioni per poter firmare un contratto con l'ATS, come previsto dalla legge;
- la corretta gestione dell'attività commerciale in conformità alla normativa nazionale e regionale vigente."
Il soggetto pubblico deve inoltre espletare le procedure di affidamento a terzi in modo da garantire che la gestione dell'attività prosegua con continuità tra un gestore e il successivo.,3e0abd25f3bcf417e9e0a8b74e158ef5,59,Il soggetto pubblico deve anche svolgere le procedure per affidare a terzi in modo che la gestione dell'attività continui senza interruzioni tra un gestore e il successivo.
"L'affidatario provvede direttamente a presentare la richiesta di voltura dell'accreditamento, dando così attivazione alla procedura descritta sopra. La documentazione richiesta viene integrata con il capitolato e l'atto di affidamento.",3e0abd25f3bcf417e9e0a8b74e158ef5,60,"L'affidatario presenta direttamente la richiesta di cambio di titolarità dell'accreditamento, avviando così la procedura descritta in precedenza. La documentazione necessaria include il capitolato e l'atto di affidamento."
"Fatte salve le responsabilità di natura civile e penale, nonché le sanzioni dovute al mancato rispetto di altre normative regionali o nazionali, le unità d'offerta sociosanitarie incorrono nella sospensione o revoca dell'accreditamento, previa diffida da parte della ATS ad adempiere entro un congruo termine (vedi paragrafo 3.2.), nei seguenti casi:
- quando l'attività sia esercitata in mancanza dei requisiti minimi;
- quando non venga garantito il mantenimento di uno o più requisiti di accreditamento;
- quando non venga ottemperato il debito informativo nei confronti di Regione o ATS",3e0abd25f3bcf417e9e0a8b74e158ef5,61,"Le unità d'offerta sociosanitarie rischiano la sospensione o la revoca dell'accreditamento se si verificano le seguenti situazioni:
- svolgimento dell'attività senza i requisiti minimi;
- mancata garanzia del mantenimento dei requisiti di accreditamento;
- mancato adempimento degli obblighi informativi verso la Regione o l'ATS. Queste azioni possono comportare responsabilità civili e penali, nonché sanzioni secondo le normative regionali e nazionali. Prima della sospensione o revoca dell'accreditamento, l'ATS invierà una diffida affinché si adempia entro un tempo stabilito nel paragrafo 3.2."
"Decorso infruttuosamente il termine della diffida, la ATS adotta entro trenta giorni il provvedimento di proposta di sospensione dell'accreditamento per un periodo minimo di tre e massimo di centottanta giorni dandone comunicazione sia alla Regione, che procede all'emissione di un provvedimento di sospensione con registrazione sul registro regionale, che al soggetto gestore.",3e0abd25f3bcf417e9e0a8b74e158ef5,62,"Se la ATS non riceve risposta entro il termine della diffida, entro trenta giorni adotta la proposta di sospensione dell'accreditamento per un periodo che va da tre a centottanta giorni. Comunica questa decisione sia alla Regione, che emetterà il provvedimento di sospensione con registrazione sul registro regionale, sia al soggetto gestore."
"Al termine della sospensione, accertato l'assolvimento delle prescrizioni la ATS comunica entro cinque giorni lavorativi alla Regione e al soggetto gestore l'esito positivo della verifica.",3e0abd25f3bcf417e9e0a8b74e158ef5,63,"Dopo la sospensione, una volta verificato che le prescrizioni sono state rispettate, l'Agenzia di Tutela della Salute comunica il risultato positivo della verifica alla Regione e all'ente responsabile entro cinque giorni lavorativi."
"Nel caso di ulteriore mancato adeguamento, ovvero in caso di fatti di accertata gravità, la ATS adotta entro trenta giorni il provvedimento di proposta di revoca dell'accreditamento.",3e0abd25f3bcf417e9e0a8b74e158ef5,64,"Se l'ente non si adegua ulteriormente o commette gravi violazioni, l'Agenzia di Tutela della Salute proporrà la revoca dell'accreditamento entro trenta giorni."
"Il riscontro delle violazioni di cui ai punti 1 e 2 contestate alla medesima unità d'offerta per la terza volta nel corso dell'anno solare, comporta la diffida ad ottemperare con contestuale e immediata emissione del provvedimento di proposta di sospensione dell'accreditamento da parte di ATS.",3e0abd25f3bcf417e9e0a8b74e158ef5,65,"Se la stessa unità d'offerta commette per la terza volta nel corso dell'anno solare le violazioni indicate nei punti 1 e 2, verrà diffidata a conformarsi immediatamente. Inoltre, l'ATS emetterà immediatamente una proposta di sospensione dell'accreditamento."
"Entro cinque giorni lavorativi dalla loro adozione, tutti i provvedimenti adottati dalla ATS devono essere trasmessi al soggetto gestore e alla Regione che procede ad emettere l'atto relativo all'accreditamento entro i successivi sessanta giorni con aggiornamento del registro informatizzato delle unità di offerta sociosanitarie accreditate dandone comunicazione alla ATS e al soggetto interessato.",3e0abd25f3bcf417e9e0a8b74e158ef5,66,"Entro cinque giorni lavorativi dalla loro adozione, l'ATS deve inviare tutti i provvedimenti al soggetto gestore e alla Regione. La Regione emetterà l'atto di accreditamento entro sessanta giorni e aggiornerà il registro delle unità di offerta sociosanitarie accreditate. Successivamente, comunicherà l'avvenuto accreditamento all'ATS e al soggetto interessato."
"Si incorre nella decadenza dell'accreditamento nei casi di cessazione o di mancato avvio dell'attività.
- Cessazione dell'attività: la proposta di decadenza è disposta dalla ATS a seguito di comunicazione da parte del soggetto gestore. La ATS verifica la salvaguardia della continuità assistenziale degli utenti e ne dà comunicazione in Regione. Qualora la cessazione dell'attività derivi da una decisione del soggetto gestore, viene fissato un termine di preavviso minimo di novanta giorni, fatta salva diversa valutazione della ATS competente. Gravano in capo al soggetto gestore tutti gli adempimenti e i relativi oneri per l'idonea collocazione degli utenti in altre unità d'offerta, in raccordo con la ATS, gli utenti stessi, le loro famiglie, eventuali tutori o amministratori di sostegno e i Comuni di residenza. La proposta di decadenza da parte di ATS può esitare anche dall'accertamento d'ufficio della mancata attività, per assoluta mancanza di prese in carico di utenti, da almeno un trimestre.
- Mancato avvio dell'attività: la proposta di decadenza viene disposta dalla ATS nel caso in cui nel corso del sopralluogo post accreditamento verifichi che l'attività non sia stata avviata con l'effettiva presa in carico di utenti",3e0abd25f3bcf417e9e0a8b74e158ef5,67,"Se un servizio non inizia o viene interrotto, si perde l'accreditamento.
- Interruzione del servizio: se il gestore comunica la chiusura, l'Agenzia di Tutela della Salute (ATS) valuta se garantire l'assistenza ai pazienti e informa la Regione. Se la chiusura è decisione del gestore, deve avvisare almeno novanta giorni prima, salvo diversa decisione dell'ATS. Il gestore è responsabile di trovare una nuova sistemazione per i pazienti, in collaborazione con l'ATS, i pazienti, le famiglie, tutori o amministratori e i Comuni di residenza. L'ATS può revocare l'accreditamento se non vengono presi in carico pazienti per almeno un trimestre.
- Mancato avvio del servizio: se durante un controllo successivo all'accreditamento si scopre che il servizio non è iniziato con la presa in carico effettiva dei pazienti, l'ATS può revocare l'accreditamento."
"Entro cinque giorni lavorativi dalla loro adozione, tutti i provvedimenti adottati dalla ATS devono essere trasmessi al soggetto gestore e alla Regione che procede ad emettere il provvedimento relativo all'accreditamento, entro i successivi sessanta giorni, con aggiornamento del registro informatizzato delle unità di offerta sociosanitarie accreditate, dandone comunicazione alla ATS e al soggetto interessato.",3e0abd25f3bcf417e9e0a8b74e158ef5,68,"Entro cinque giorni lavorativi dalla loro adozione, la ATS deve inviare tutti i provvedimenti al soggetto gestore e alla Regione. Quest'ultima emetterà il provvedimento sull'accreditamento entro sessanta giorni e aggiornerà il registro delle unità di offerta sociosanitarie accreditate. Successivamente, comunicherà la decisione alla ATS e al soggetto interessato."
"Il soggetto gestore di più unità d'offerta sociosanitarie accreditate, anche di diversa tipologia, può chiedere il riconoscimento di ente unico gestore.",3e0abd25f3bcf417e9e0a8b74e158ef5,69,"Se gestisci più strutture sanitarie accreditate, anche di tipi diversi, puoi richiedere di essere riconosciuto come unico gestore."
Non è ammesso richiedere l'inserimento nell'Ente Unico di una unità d'offerta non funzionante.,3e0abd25f3bcf417e9e0a8b74e158ef5,70,Non si può chiedere di aggiungere all'Ente Unico un'unità d'offerta che non funziona.
"Il riconoscimento di ente unico gestore di più unità d'offerta cambia la definizione di unità d'offerta, che diventa il complesso di tutte le unità d'offerta afferenti all'ente gestore.",3e0abd25f3bcf417e9e0a8b74e158ef5,71,"Quando un unico ente si occupa di gestire più servizi, la definizione di unità d'offerta cambia diventando l'insieme di tutti i servizi gestiti da quell'ente."
"L'ente unico è costituito da una parte o da tutte le unità d'offerta afferenti ad un unico soggetto gestore. Il riconoscimento di ente unico pur costituendo una semplificazione amministrativa, implica un processo di profonda revisione organizzativa da parte del soggetto gestore, che può essere attuato gradualmente per le proprie unità d'offerta e pertanto la richiesta di riconoscimento non deve necessariamente comprendere tutte le unità d'offerta in capo al soggetto gestore.",3e0abd25f3bcf417e9e0a8b74e158ef5,72,"L'ente unico è formato da una parte o da tutte le unità di servizio che dipendono da un unico gestore. Per ottenere il riconoscimento dell'ente unico, che è una semplificazione amministrativa, il gestore deve effettuare una revisione organizzativa approfondita, che può essere realizzata gradualmente per le proprie unità di servizio. Di conseguenza, la richiesta di riconoscimento non deve includere necessariamente tutte le unità di servizio gestite dallo stesso soggetto."
"L'ente unico è un soggetto gestore di più unità d'offerta accreditate sul territorio regionale che agisce in modo uniforme attraverso l'adozione di protocolli assistenziali e procedure operative omogenee (come ad esempio la gestione dei reclami, la rilevazione della qualità percepita, i contratti d'ingresso con gli utenti, la progettazione e l'erogazione dell'attività formativa, ecc.).",3e0abd25f3bcf417e9e0a8b74e158ef5,73,"L'ente unico gestisce più unità d'offerta accreditate nella regione. Opera in modo uniforme adottando protocolli assistenziali e procedure operative omogenee, come la gestione dei reclami, la valutazione della qualità percepita, la stipula dei contratti con gli utenti e l'organizzazione dell'attività formativa."
"Il legale rappresentante del soggetto gestore, pubblico o privato, o altro soggetto munito di idonei poteri, di più unità d'offerta accreditate sul territorio regionale, può presentare alla Regione e alle ATS sul cui territorio insistono le unità d'offerta interessate istanza di riconoscimento quale ente unico, compilando la specifica modulistica regionale che comprende l'autocertificazione di assolvimento a livello di ente unico dei requisiti organizzativi e gestionali generali di esercizio e di accreditamento.",3e0abd25f3bcf417e9e0a8b74e158ef5,74,"Il legale rappresentante di un ente gestore, sia esso pubblico o privato, o di un'altra figura con i poteri necessari, di più strutture autorizzate nella regione, può chiedere alla Regione e alle Agenzie di Tutela della Salute del territorio in cui si trovano le strutture interessate di essere riconosciuto come un unico ente. Per fare ciò, è necessario compilare l'apposito modulo regionale che include la dichiarazione di conformità ai requisiti organizzativi e gestionali necessari per l'esercizio e l'accreditamento come ente unico."
"La ATS titolare del procedimento di verifica viene automaticamente individuata, di norma, in quella sul cui territorio l'ente unico gestore svolge in modo prevalente la propria attività, ovvero dispone del budget di entità maggiore.",3e0abd25f3bcf417e9e0a8b74e158ef5,75,"Di solito, l'ATS responsabile della verifica viene scelta automaticamente tra l'ente che opera principalmente nel territorio e ha il budget più grande."
"La ATS competente provvede entro sessanta giorni dalla presentazione dell'istanza ad effettuare la verifica, ad attestare il possesso dei requisiti e a trasmettere il provvedimento di attestazione alla Regione e al soggetto gestore.",3e0abd25f3bcf417e9e0a8b74e158ef5,76,"Entro due mesi dalla presentazione della richiesta, l'ATS competente verifica i requisiti, attesta il possesso degli stessi e invia l'attestazione alla Regione e al gestore interessato."
"Sulla base dell'attestazione della ATS, la Regione dispone, entro trenta giorni il riconoscimento di ente unico gestore, con provvedimento della competente Direzione Generale.",3e0abd25f3bcf417e9e0a8b74e158ef5,77,"La Regione riconosce l'ente unico gestore entro trenta giorni dalla certificazione dell'ATS, con un provvedimento della Direzione Generale competente."
"Per le istanze di voltura dell'accreditamento e di riconoscimento/modifica di Enti Unici, si ribadisce che, in ipotesi di UdO non funzionante, non è ammessa la voltura della gestione, né è ammesso ricomprendere la UdO inattiva all'interno di un Ente Unico.",3e0abd25f3bcf417e9e0a8b74e158ef5,78,"Per le richieste di cambio di titolarità dell'accreditamento e di riconoscimento/modifica di Enti Unici, si conferma che se un'Unità di Organizzazione (UdO) non è operativa, non è possibile trasferire la gestione a un'altra persona, né è possibile includere un'UdO inattiva all'interno di un Ente Unico."
"Si evidenzia che, ai fini della verifica del funzionamento dell'unità di offerta, si deve fare riferimento all'effettiva presa in carico di utenti.",3e0abd25f3bcf417e9e0a8b74e158ef5,79,"Si sottolinea che per controllare se l'unità di offerta funziona correttamente, è necessario considerare quanti utenti vengono effettivamente presi in carico."
"L'ATS pertanto, nel corso delle istruttorie relative ai procedimenti in questione, deve procedere:
- alla verifica dell'effettivo funzionamento dell'UdO, con presa in carico di utenti;
- nell'ipotesi di verifica di non funzionamento da almeno un trimestre, avviare la procedura di decadenza dell'accreditamento",3e0abd25f3bcf417e9e0a8b74e158ef5,80,"Durante l'analisi dei casi in questione, l'ATS deve:
- controllare se l'Ufficio è effettivamente operativo e accoglie utenti;
- se l'Ufficio risulta inattivo da almeno un trimestre, avviare la procedura per revocare l'accreditamento."
