document,paragraph_index,original_text,simplified_text,original_text_isssues_detected,simplification_rules_applied,tagging_date,tagging_elapsed_time
6d52bcc84ee3fa9bfec74bb009537bd2,1,"Il presente Disciplinare ha per oggetto l'affidamento in appalto mediante procedura aperta del Servizio di igiene urbana, raccolta e trasporto e smaltimento dei rifiuti solidi urbani con modalità differenziata porta a porta nei Comuni di:
- Acquaviva D'Isernia
- Filignano 
- Forli Del Sannio
- Montenero Valcocchiara
- Pizzone
- Rionero Sannitic","Il presente Disciplinare serve a affidare - usando un bando pubblico - il Servizio di pulizia della città, di raccolta, trasporto e smaltimento dei rifiuti solidi cittadini con modalità differenziata prelevando i rifiuti porta a porta nei Comuni di:
- Acquaviva D'Isernia
- Filignano 
- Forli Del Sannio
- Montenero Valcocchiara
- Pizzone
- Rionero Sannitico",,,2024-04-01T07:51:14.714103,132.0
6d52bcc84ee3fa9bfec74bb009537bd2,2,"Affidamento Servizio di igiene urbana, raccolta e trasporto e smaltimento dei Rifiuti Urbani con modalità differenziata domiciliare nel Comune di:
- Acquaviva D'Isernia
- Filignano 
- Forli Del Sannio
- Montenero Valcocchiara
- Pizzone
- Rionero Sannitic","Affidamento del Servizio di pulizia cittadina, raccolta, trasporto e smaltimento dei Rifiuti Cittadini con modalità differenziata andando porta a porta nel Comune di:
- Acquaviva D'Isernia
- Filignano 
- Forli Del Sannio
- Montenero Valcocchiara
- Pizzone
- Rionero Sannitico",,,2024-04-01T07:52:10.475433,55.0
6d52bcc84ee3fa9bfec74bb009537bd2,3,Raccolta differenziata per tutte le utenze commerciali alimentari e nel settore della ristorazione presenti sul territorio comunale;,Raccolta differenziata per tutti i negozi alimentari e ristoranti presenti sul territorio comunale;,,,2024-04-01T07:52:37.958658,27.0
6d52bcc84ee3fa9bfec74bb009537bd2,4,"Gestione eventuale della raccolta differenziata presso postazioni stradali ad hoc, di adeguata capacità, opportunamente inserite nel contesto urbanistico ed ambientale circostante, senza procurare intralcio al traffico ordinario;","Gestione della raccolta differenziata in alcuni punti delle strade individuati in dettaglio, con contenitori adeguati, che stiano nella città in armonia col contesto cittadino e ambientale, senza dare fastidio al traffico ordinario;",,,2024-04-01T07:54:28.803917,110.0
6d52bcc84ee3fa9bfec74bb009537bd2,5,"Raccolta ""dedicata"" di rifiuti urbani ed assimilati agli urbani per almeno le seguenti frazioni di: RAEE (Rifiuti di apparecchiature elettriche ed elettroniche), ingombranti, pile, farmaci, verde, oli vegetali esausti, inerti, abiti usati e trasporto ad impianti autorizzati;","Raccolta ""dedicata"" di rifiuti cittadini e simili a quelli cittadini per almeno questi tipi di rifiuti: RAEE (Rifiuti di apparecchiature elettriche ed elettroniche), ingombranti, pile, farmaci, verde, oli vegetali consumati, inerti, abiti usati e trasporto ad impianti autorizzati;",,,2024-04-01T07:55:23.537503,54.0
6d52bcc84ee3fa9bfec74bb009537bd2,6,"Raccolta dei rifiuti abbandonati nelle aree pubbliche o di pubblica fruizione, in tutto il territorio comunale;","Raccolta dei rifiuti abbandonati nelle aree pubbliche o usate dalle persone, in tutto il territorio comunale;",,,2024-04-01T07:55:36.954016,13.0
6d52bcc84ee3fa9bfec74bb009537bd2,7,"Raccolta dei rifiuti cimiteriali nei civici cimiteri Area ""D""","Raccolta dei rifiuti cimiteriali nei cimiteri della città in Area ""D""",,,2024-04-01T07:55:55.316800,17.0
6d52bcc84ee3fa9bfec74bb009537bd2,8,"Trasporto e avvio a recupero delle frazioni raccolte, presso impianti debitamente autorizzati;","Trasporto e inizio del recupero dei tipi di rifiuti raccolti, portandoli in impianti debitamente autorizzati;",,,2024-04-01T07:56:23.034259,27.0
6d52bcc84ee3fa9bfec74bb009537bd2,9,"Servizio di lavaggio, disinfezione e deodorazione dei contenitori posizionati su suolo pubblico per rifiuti di tutte le tipologie;","Servizio di lavaggio, disinfezione e profumazione dei contenitori che stanno su suolo cittadino pubblico per rifiuti di tutte le tipologie;",,,2024-04-01T07:56:43.984416,20.0
6d52bcc84ee3fa9bfec74bb009537bd2,10,"distribuzione di sacchi, mastelli e contenitori ed altro materiale (volantini materiali di raccolta), per la raccolta forniti dall'amministrazione proponente in fase di prima attuazione del progetto;","distribuzione di sacchi, secchi di plastica e contenitori ed altro materiale (volantini materiali di raccolta), per la raccolta consegnati dall'amministrazione durante la prima fase del progetto;",,,2024-04-01T07:57:29.519018,45.0
6d52bcc84ee3fa9bfec74bb009537bd2,11,"La durata dell'appalto è di 36 (trentasei) mesi decorrenti dalla data di avvio del servizio. È facoltà dell'Amministrazione, qualora, ai sensi dell'art. 32 comma 13 del D.lgs. 50/2016, ne ricorressero i presupposti, richiedere l'anticipata esecuzione del servizio.",La durata dell'appalto è di 36 (trentasei) mesi che si contano dall'inizio del servizio. L'Amministrazione può chiedere di anticipare il servizio se se ne danno i motivi (in base all'art. 32 comma 13 del D. Lgs. 50/2016).,,,2024-04-01T07:58:42.880780,72.0
6d52bcc84ee3fa9bfec74bb009537bd2,12,"I sottoelencati mezzi e attrezzature saranno dati in usufrutto all'esecutore del servizio previo sottoscrizione del comodato d'uso, dove sarà indicato le modalità dell'usufrutto, in sintesi saranno posti a carico del concessionario tutte le spese di gestione (bolli e assicurazioni) e manutenzione (ordinaria e straordinaria)",I mezzi e le attrezzature che trovate in elenco dopo saranno dati a chi vince il bando in affitto temporaneo dopo che la società firmerà un contratto chiamato 'comodato d'uso'. Nel contratto sarà scritto in che modo funziona questo affitto;  in breve la società che vince il bando deve pagare le spese di gestione (bolli e assicurazioni) e di manutenzione (ordinaria e straordinaria),,,2024-04-01T08:00:39.846406,116.0
6d52bcc84ee3fa9bfec74bb009537bd2,13,"Iscrizione, per attività rientranti nell'oggetto del contratto, nel registro delle imprese presso la Camera di Commercio, Industria, Agricoltura e Artigianato della Provincia in cui l'impresa ha sede, o, se si tratta di concorrente di altro Stato membro dell'Unione Europea non residente in Italia, iscrizione nel corrispondente registro dello Stato di residenza, ai sensi dell'art. 83, comma 3, del D.lgs. 50/2016.","é necessario provvedere a essere iscritti, per le attività che fanno parte del contratto, nel registro delle imprese presso la Camera di Commercio, Industria, Agricoltura e Artigianato della Provincia in cui si trova l'impresa. Se invece chi partecipa al Bando è una società che si trova in altro Stato membro dell'Unione Europea non residente in Italia, deve essere iscritta nel corrispondente registro dello Stato di residenza (questo in base all'art. 83, comma 3, del D. Lgs. 50/2016).",,,2024-04-01T08:03:06.473816,146.0
6d52bcc84ee3fa9bfec74bb009537bd2,14,"Nel caso di Raggruppamenti Temporanei di Imprese, Consorzi ordinari, GEIE, aggregazioni tra le imprese aderenti al contratto di rete, i requisiti di cui ai precedenti punti 8.1) e 8.2), dovranno essere posseduti, a pena di esclusione, da ciascuna impresa componente. Nel caso di soggetti di cui all'art. 45, comma 2, lettere b) e c), del D.lgs. 50/2016, i medesimi requisiti dovranno essere posseduti, a pena di esclusione, dal Consorzio e dal Consorziato incaricato dell'esecuzione dei servizi;","Se partecipano al bando imprese che sono parte di Raggruppamenti Temporanei di Imprese, Consorzi ordinari, GEIE, aggregazioni tra le imprese aderenti al contratto di rete, allora i criteri di cui abbiamo parlato nei punti 8.1) e 8.2), dovranno essere posseduti da ogni impresa componente, e se ciò non avviene la domanda non è valida. Nel caso di soggetti descritti dall'art. 45, comma 2, lettere b) e c), del D. Lgs. 50/2016, i criteri dovranno essere posseduti dal Consorzio e dal Consorziato incaricato di eseguire i servizi, altrimenti la domanda non è valida.",,,2024-04-01T08:05:47.302683,160.0
6d52bcc84ee3fa9bfec74bb009537bd2,15,almeno due idonee dichiarazioni bancarie attestanti la capacità economica e finanziaria del concorrente sotto i profili della solidità finanziaria e della solvibilità in relazione agli impegni scaturenti dal contratto;,almeno due dichiarazioni della banca che dimostrano la capacità economica e finanziaria di chi presenta domanda rispetto a solidità finanziaria e capacità di poter affrontare gli impegni che derivano dal contratto;,,,2024-04-01T08:17:54.947821,52.0
6d52bcc84ee3fa9bfec74bb009537bd2,16,"fatturato minimo annuo, per gli ultimi tre esercizi, pari o superiore al valore stimato del presente appalto ai sensi dell'art. 83, comma 4, lett. a), del D.lgs. 50/2016 al fine di valutare l'effettiva capacità economica e finanziaria dell'operatore economico partecipante alla procedura;","Guadagno in un anno (fatturato minimo annuo) negli ultimi 3 anni di valore uguale o superiore al valore di questo bando (in base all'art. 83, comma 4, lett. a), del D. Lgs. 50/2016) per poter valutare la capacità economica e finanziaria dell'operatore economico che partecipa al bando;",,,2024-04-01T08:19:33.330960,97.0
6d52bcc84ee3fa9bfec74bb009537bd2,17,"il requisito di cui al precedente paragrafo dovrà essere posseduto per almeno il 60% dall'impresa mandataria capogruppo e dalle imprese mandanti per almeno il 20%, fatto salvo che nel suo complesso il concorrente lo dovrà possedere per il 100%; ","il criterio descritto nel paragrafo che precede dovrà essere posseduto per almeno il 60% dall'impresa capogruppo e per almeno il 20% dalle imprese mandanti, ma chi partecipa al bando lo dovrà possedere per il 100% nel suo complesso",,,2024-04-01T08:20:47.534491,73.0
6d52bcc84ee3fa9bfec74bb009537bd2,18,"il requisito di cui al precedente punto deve essere posseduto dal concorrente per il 100%, fermo restando che l'impresa mandataria capogruppo deve possedere almeno una referenza bancaria; Il periodo di attività documentabile per il rispetto dei requisiti di capacità economica e finanziaria di cui al precedente punto, (fatturato minimo annuo, realizzato negli ultimi tre esercizi), è da intendersi riferito agli anni 2013, 2014 e 2015 se già depositato, se ancora non depositato saranno presi in considerazioni gli esercizi riferiti agli anni 2012, 2013 e 2014.","il criterio descritto nel punto che precede deve essere posseduto dal concorrente per il 100%, inoltre l'impresa mandataria capogruppo deve possedere almeno una referenza bancaria. Il periodo di attività che viene valutato presentando documenti per controllare che ci siano i criteri di capacità economica e finanziaria che abbiamo descritto nel punto che precede (cioè fatturato minimo in un anno prodotto negli ultimi tre anni), corrisponde agli anni 2013, 2014 e 2015 se è già stato depositato, invece corrisponde agli anni 2012, 2013, 2014 se il 2015 non è stato ancora depositato.",,,2024-04-01T08:23:36.512822,168.0
6d52bcc84ee3fa9bfec74bb009537bd2,19,"Avere in corso di esecuzione da non meno di un anno il servizio di raccolta differenziata domiciliare per almeno due comuni aventi popolazione residente, per ciascun comune, pari o superiore ai 2.000 abitanti. Il periodo di attività documentabile per il rispetto del requisito di cui al presente punto 8.4.2 è da intendersi riferito all'anno antecedente la data di pubblicazione del bando. ",Chi partecipa al bando deve stare facendo da più di un anno il servizio di raccolta differenziata porta a porta in almeno due comuni con popolazione residente in ogni comune di almeno 2000 abitanti o più.  Il periodo di attività che verrà controllato con documenti per vedere se si possiede il criterio descritto nel punto 8.4.2 si riferisce all'anno precedente l'anno in cui viene pubblicato questo bando. ,,,2024-04-01T08:26:46.843110,189.0
6d52bcc84ee3fa9bfec74bb009537bd2,20,Il suddetto requisito deve essere soddisfatto con riferimento a due comuni aventi singolarmente popolazione pari o superiore agli 2.000 abitanti e non può essere soddisfatto con un unico comune di popolazione superiore a 2.000 abitanti.,"Il criterio descritto ora deve essere posseduto per due comuni che hanno ognuno almeno 2.000 abitanti o più, ma non è valido se solo uno dei due comuni ha più di 2.000 abitanti.",,,2024-04-01T08:28:09.896965,82.0
6d52bcc84ee3fa9bfec74bb009537bd2,21,"Avere ottenuto almeno il 60% di media annua nei servizi di raccolta differenziata domiciliare in almeno due comuni, non necessariamente coincidenti con quelli di cui al precedente punto 8.4.2, e per il periodo minimo di un anno compreso nel triennio precedente la data di pubblicazione del bando (triennio 2013-2015). La media annua da considerare è quella relativa ad uno degli anni solari precedenti la data di pubblicazione del bando, ossia con riferimento ad almeno uno degli anni solari 2014 - 2015 e 2016. La soglia del 60% è riferita al risultato medio conseguito per ciascun anno del periodo di riferimento considerato e non come media dei risultati ottenuti nel triennio.","Altro criterio è che la società deve avere ottenuto almeno il 60% di media in un anno per i servizi di raccolta differenziata porta  a porta in almeno due comuni e questo criterio della media di un anno si deve riferire a un anno che è compreso nel triennio che precedente l'anno di pubblicazione del bando (quindi triennio 2013-2015). Non è necessario che i due comuni in cui vale questo criterio siano gli stessi di quelli descritti nel punto 8.4.2. La media annua da considerare riguarda un anno solare che precede la data di pubblicazione del bando, ossia un anno solare tra il 2014 - 2015 e 2016. La soglia del 60% è riferita al risultato medio conseguito per ogni anno del periodo di riferimento considerato e non come media dei risultati ottenuti nel triennio.",,,2024-04-01T08:32:28.695941,258.0
6d52bcc84ee3fa9bfec74bb009537bd2,22,"I requisiti di capacità tecnica e professionale riportati nel precedente punto 8.4.1 (iscrizione all'Albo Nazionale Gestori Ambientali, ai sensi dell'art. 212 del D. Lgs. 152/2006 per le categorie e classi ivi indicate) devono intendersi come requisiti ""soggettivi"" necessari per assicurare il corretto espletamento del servizio e titolo autorizzatorio al suo esercizio, a norma del D.Lgs. 152/2006 e, pertanto, non sono suscettibili di alcuna forma di sostituzione, né per essi è possibile ricorrere all'avvalimento;","I criteri di capacità tecnica e professionale descritti  al punto 8.4.1 (iscrizione all'Albo Nazionale Gestori Ambientali, in base all'art. 212 del D. Lgs. 152/2006 per le categorie e classi che lì dentro sono indicate) sono criteri ""soggettivi"" necessari per assicurare la corretta realizzazione del servizio e titolo autorizzatorio al suo esercizio (in base al D. Lgs. 152/2006) e quindi non possono essere sostituiti da altri, né si può ricorrere all'avvalimento;",,,2024-04-01T08:34:13.873815,104.0
6d52bcc84ee3fa9bfec74bb009537bd2,23,"I requisiti di capacità tecnica e professionale di cui ai precedenti punti 8.4.2 e 8.4.3 non sono da intendersi suddivisibili in proporzione alle quote di partecipazione nell'RTI e/o nella rete di imprese, non essendo applicabile il principio di corrispondenza tra quote di partecipazione al raggruppamento e quote di qualificazione ed esecuzione.",I criteri di capacità tecnica e professionale descritti ai punti 8.4.2 e 8.4.3 non si possono dividere in proporzione alle quote di partecipazione nell'RTI e/o nella rete di imprese: infatti si può usare il principio di corrispondenza tra quote di partecipazione al raggruppamento e quote di qualificazione ed esecuzione.,,,2024-04-01T08:35:11.609356,57.0
6d52bcc84ee3fa9bfec74bb009537bd2,24,"ciascuna impresa partecipante ed esecutrice del servizio dovrà necessariamente possedere i requisiti di cui ai precedenti punti 8.4.2 e 8.4.3 per almeno un comune, fatto salvo che nel suo complesso il concorrente li dovrà possedere per il 100%",Ogni impresa che partecipa al bando e che esegue il servizio deve possedere i criteri descritti ai punti 8.4.2 e 8.4.3 per almeno un comune. Chi concorre dovrà possedere i criteri per il 100%.,,,2024-04-01T08:37:04.331411,112.0
6d52bcc84ee3fa9bfec74bb009537bd2,25,"i requisiti economico - finanziari e tecnico - organizzativi per la partecipazione del consorzio alla gara sono sommati con riferimento ai soli consorziati esecutori. In sede di offerta, dovranno essere indicati il/i servizio/i o loro parti che saranno eseguiti da ciascuna impresa partecipante e la corrispondente percentuale;",i criteri economico - finanziari e tecnico - organizzativi perché un consorzio di imprese partecipi alla gara sono sommati considerando soltanto i soci consorziati che eseguono il servizio. Al momento in cui si fa l'offerta va detto quale impresa del consorzio fa il/i servizio/i o parti di esso e in che percentuale ogni impresa svolge un certo servizio;,,,2024-04-01T08:39:25.313893,140.0
6d52bcc84ee3fa9bfec74bb009537bd2,26,"Certificazione di sistema di qualità riferito all'oggetto della procedura conforme alle norme europee della serie UNI EN ISO 9000 e alla vigente normativa nazionale, rilasciata da soggetti accreditati ai sensi delle norme europee della serie UNI CEI EN 45000 e della serie UNI CEI EN ISO/IEC. 17000. Il requisito dovrà essere dichiarato e provato con la produzione di copia del certificato autenticata ai sensi dell'art. 18 del D.P.R. 445/2000;",Una Certificazione del sistema di qualità riferito all'oggetto del bando che rispetti le norme europee della serie UNI EN ISO 9000 e la normativa nazionale. Il certificato deve essere rilasciato da soggetti accreditati in base alle norme europee della serie UNI CEI EN 45000 e della serie UNI CEI EN ISO/IEC. 17000. Il criterio dovrà essere dichiarato e dimostrato producendo una copia del certificato autenticata (in base all'art. 18 del D.P.R. 445/2000);,,,2024-04-01T08:41:18.412164,112.0
6d52bcc84ee3fa9bfec74bb009537bd2,27,"Certificazione di sistema di gestione ambientale riferito all'oggetto della procedura conforme alle norme europee della serie UNI EN ISO 14000 e alla vigente normativa nazionale, rilasciata da soggetti accreditati ai sensi delle norme europee della serie UNI CEI EN 45000 e della serie UNI CEI EN ISO/IEC. 17000. Il requisito dovrà essere dichiarato e provato con la produzione di copia del certificato autenticata ai sensi dell'art. 18 del D.P.R. 445/2000.",Una Certificazione di sistema di gestione ambientale per l'oggetto della procedura che rispetta le norme europee della serie UNI EN ISO 14000 e la normativa nazionale valida. Il certificato deve essere rilasciato da soggetti accreditati in base alle norme europee della serie UNI CEI EN 45000 e della serie UNI CEI EN ISO/IEC. 17000. Il criterio dovrà essere dichiarato e dimostrato con la copia del certificato autenticata in base all'art. 18 del D.P.R. 445/2000.,,,2024-04-01T08:42:47.566324,75.0
6d52bcc84ee3fa9bfec74bb009537bd2,28,"Certificazione di sistema di gestione ambientale riferito all'oggetto della procedura conforme alle norme europee della serie UNI EN ISO 18000 e alla vigente normativa nazionale, rilasciata da soggetti accreditati ai sensi delle norme europee della serie UNI CEI EN 45000 e della serie UNI CEI EN ISO/IEC. 17000. Il requisito dovrà essere dichiarato e provato con la produzione di copia del certificato autenticata ai sensi dell'art. 18 del D.P.R. 445/2000.",Certificazione di sistema di gestione ambientale per l'oggetto del bando che rispetti le norme europee della serie UNI EN ISO 18000 e la normativa nazionale valida. La certificazione deve essere rilasciata da soggetti accreditati in base alle norme europee della serie UNI CEI EN 45000 e della serie UNI CEI EN ISO/IEC. 17000. Il criterio dovrà essere dichiarato e dimostrato con la copia del certificato autenticata in base all'art. 18 del D.P.R. 445/2000.,,,2024-04-01T08:44:02.349523,74.0
6d52bcc84ee3fa9bfec74bb009537bd2,29,"servizi di raccolta dei rifiuti urbani, prestati negli ultimi tre anni, per una popolazione complessivamente servita nel triennio di almeno 6.000 abitanti residenti;","servizi di raccolta dei rifiuti cittadini, prestati negli ultimi tre anni, per una popolazione complessivamente servita nel triennio di almeno 6.000 abitanti residenti;",,,2024-04-01T08:44:21.946100,19.0
6d52bcc84ee3fa9bfec74bb009537bd2,30,"servizi di raccolta domiciliare dei rifiuti urbani, prestati negli ultimi tre anni, per una popolazione complessivamente servita nel triennio di almeno 4.000 abitanti residenti;","servizi di raccolta porta a porta dei rifiuti cittadini, prestati negli ultimi tre anni, per una popolazione complessivamente servita nel triennio di almeno 4.000 abitanti residenti;",,,2024-04-01T08:44:40.695747,18.0
6d52bcc84ee3fa9bfec74bb009537bd2,31,"Per i requisiti di cui ai punto 8.4.6), lettere a) e b) è richiesta la presentazione di un elenco con l'indicazione della descrizione dei servizi, degli importi, delle date e dei destinatari, pubblici o privati, come previsto dall'allegato XVII Parte II lett. a) lett. ii) del D.lgs. 50/2016. ","Per i criteri descritti al punto 8.4.6), lettere a) e b) occorre presentare un elenco in cui si descrivono i servizi, gli importi, le date e i destinatari, pubblici o privati, come previsto dall'allegato XVII Parte II lett. a) lett. ii) del D.lgs. 50/2016. ",,,2024-04-01T08:45:36.070803,54.0
6d52bcc84ee3fa9bfec74bb009537bd2,32,"La popolazione servita di cui al prendente punto 8.4.6 lettere a) e b) è da intendersi come popolazione residente complessivamente servita nel triennio di riferimento, sommando tutti gli anni del triennio e, per ogni anno, la popolazioni di tutti i comuni serviti. ",La popolazione servita dalla società di cui si parla al punto 8.4.6 lettere a) e b)  è la popolazione residente che è stata servita nel triennio di riferimento: si devono sommare i tre anni e per ogni anno si deve annotare la popolazioni di tutti i comuni serviti. ,,,2024-04-02T11:12:25.795949,69.0
6d52bcc84ee3fa9bfec74bb009537bd2,33,"Tutti i servizi analoghi di cui al precedente punto 8.4.6 devono essere stati prestati nel triennio di riferimento e non necessariamente per ogni anno dello stesso periodo, purché si raggiungano complessivamente i numeri di abitanti serviti previsti nello stesso punto del bando di gara. ","Tutti i servizi di cui si parla al punto 8.4.6 devono essere stati prestati nei tre anni di riferimento e non necessariamente per ogni anno dello stesso periodo, l'importante è che si raggiungano nel totale i numeri di abitanti serviti che sono stati indicati nello stesso punto del bando di gara. ",,,2024-04-02T11:13:31.719213,65.0
6d52bcc84ee3fa9bfec74bb009537bd2,34,"Nel caso di Raggruppamenti Temporanei di Imprese, Consorzi, GEIE, aggregazioni tra le imprese aderenti al contratto di rete, i requisiti di cui al precedente punto 8.4.6), lettere a a) e b) devono essere posseduti per almeno il 60% dall'impresa mandataria capogruppo e dalle imprese mandanti per almeno il 20%, fatto salvo che nel suo complesso il concorrente lo dovrà possedere per il 100%.","Nel caso di Raggruppamenti Temporanei di Imprese, Consorzi, GEIE, oppure aggregazioni tra le imprese aderenti al contratto di rete, i criteri di cui si parla al punto 8.4.6), lettere a a) e b) devono essere posseduti per almeno il 60% dall'impresa mandataria capogruppo e per almeno il 20% dalle imprese mandanti, a patto che nel complesso chi presenta domanda lo dovrà possedere per il 100%.",,,2024-04-02T11:14:29.040987,56.0
6d52bcc84ee3fa9bfec74bb009537bd2,35,"I concorrenti dovranno ottenere, a pena di esclusione, un Certificato attestante di aver effettuato un sopralluogo nel corso del quale hanno preso visione dei luoghi in cui dovrà essere effettuato il servizio. A tal fine, per partecipare alla gara, il legale rappresentante del concorrente, o suo delegato, dovrà eseguire detto sopralluogo con il tecnico comunale. Il sopralluogo potrà essere effettuato, dal primo giorno successivo alla pubblicazione del bando sul sito internet del comune all'ultimo giorno previsto per la presentazione delle offerte, previa comunicazione PEC all'indirizzo comune.rionerosannitico@pec.leonet.it. ","Chi presenta la domanda dovrà ottenere un Certificato che dimostra che ha visitato i comuni e ha visto i luoghi in cui dovrà essere effettuato il servizio, se non lo fa viene escluso dalla gara. Quindi per partecipare alla gara, il legale rappresentante di chi fa domanda o un suo delegato, dovrà visitare i luoghi dove si svolge il servizio insieme al tecnico comunale. Questa visita potrà essere fatta dal primo giorno dopo la pubblicazione del bando sul sito internet del comune e fino all'ultimo giorno indicato per presentare le offerte. Per organizzare la visita occorre comunicare via PEC alla seguente mail: comune.rionerosannitico@pec.leonet.it. ",,,2024-04-02T11:17:19.686317,170.0
6d52bcc84ee3fa9bfec74bb009537bd2,36,"A sopralluogo effettuato, il tecnico comunale rilascerà detto Certificato che andrà allegato alla documentazione di gara. Nel caso di Raggruppamenti Temporanei d'Impresa, Consorzi, GEIE, sia già formalmente costituiti sia da costituire, il Certificato di sopralluogo da allegare ai documenti di gara sarà quello rilasciato all'impresa mandataria capogruppo.","Dopo la visita ai luoghi, il tecnico comunale rilascerà il Certificato che va allegato alla documentazione di gara. Nel caso di Raggruppamenti Temporanei d'Impresa, Consorzi, GEIE, che sono già costituiti o che si stanno costituendo, il Certificato da allegare ai documenti di gara viene rilasciato all'impresa mandataria capogruppo.",,,2024-04-02T11:18:19.591221,59.0
6d52bcc84ee3fa9bfec74bb009537bd2,37,"Per la partecipazione alla gara, è richiesta la prestazione di una garanzia provvisoria nel rispetto di quanto previsto dall'art. 93 del D.lgs. 50/2016. L'importo è pari al 2% della base di gara e cioè di euro 11'368,27. ","Per partecipare alla gara bisogna dare una somma di denaro chiamata garanzia provvisoria (in base all'art. 93 del D. Lgs. 50/2016). La cifra da versare è il 2% della base di gara e cioè di euro 11.368,27. ",,,2024-04-02T11:19:56.829826,96.0
6d52bcc84ee3fa9bfec74bb009537bd2,38,"Ai sensi dell'art. 93, comma 7, del D.lgs. 50/2016, l'importo della garanzia sarà ridotto del cinquanta per cento per gli operatori economici ai quali sia stata rilasciata, da organismi accreditati, ai sensi delle norme europee della serie UNI CEI EN 45000 e della serie UNI CEI EN ISO/IEC 17000, la certificazione del sistema di qualità conforme alle norme europee della serie UNI CEI ISO 9000. Per fruire di tale beneficio, l'operatore economico segnalerà in sede di offerta, il possesso del requisito, e lo documenterà nei modi prescritti dalle norme vigenti. Il predetto Certificato dovrà essere presentato in copia autenticata ai sensi dell'art. 18 del D.P.R. 20 dicembre 2000, n. 445 e s. m. e i. ","I soldi da versare come garanzia sono ridotti alla metà per gli operatori economici che hanno avuto da organismi accreditati (in base alle norme europee della serie UNI CEI EN 45000 e della serie UNI CEI EN ISO/IEC 17000) la certificazione del sistema di qualità conforme alle norme europee della serie UNI CEI ISO 9000 (questa riduzione è prevista dall'art. 93, comma 7, del D. Lgs. 50/2016).
Per avere tale beneficio, l'operatore economico segnalerà in sede di offerta che ha questo requisito, e lo documenterà nei modi prescritti dalle leggi italiane. Il Certificato dovrà essere presentato in copia autenticata (in base all'art. 18 del D.P.R. 20 dicembre 2000, n. 445 e s. m. e i). ",,,2024-04-02T11:23:32.982502,215.0
6d52bcc84ee3fa9bfec74bb009537bd2,39,"La garanzia provvisoria coprirà la mancata sottoscrizione del contratto per fatto dell'affidatario e sarà svincolata automaticamente al momento della sottoscrizione del contratto. Ai sensi dell'art. 93 comma 6 del D.lgs. 50/2016, La garanzia copre la mancata sottoscrizione del contratto dopo l'aggiudicazione, per fatto dell'affidatario riconducibile ad una condotta connotata da dolo o colpa grave, ed e' svincolata automaticamente al momento della sottoscrizione del contratto medesimo. ",La garanzia provvisoria coprirà la possibile non firma del contratto causata dal vincitore della gara (affidatario) e sarà restituita automaticamente al momento in cui il contratto è firmato. La garanzia copre la non firma del contratto dopo la fine della gara per cause legate all'affidatario e che dipendono da una condotta caratterizzata o da imbroglio (dolo) o da una colpa grave. La garanzia viene restituita quando il contratto viene firmato (tutto questo in base all'art. 93 comma 6 del D. Lgs. 50/2016).   ,,,2024-04-02T11:27:07.100168,213.0
6d52bcc84ee3fa9bfec74bb009537bd2,40,"La garanzia, a pena di esclusione, dovrà avere validità per almeno centottanta giorni dalla data di presentazione dell'offerta e prevedere espressamente la rinuncia al beneficio della preventiva escussione del debitore principale, la rinuncia all'eccezione di cui all'art. 1957, comma 2, del codice civile, nonché l'operatività della garanzia medesima entro quindici giorni, a semplice richiesta scritta dell'Amministrazione. In qualunque modo sarà prestata la garanzia provvisoria, ai sensi dell'art. 93 del D.lgs. 50/2016, l'offerta dovrà essere corredata, a pena di esclusione, dall'impegno di un fideiussore a rilasciare la garanzia fideiussoria per l'esecuzione del contratto, per l'importo e secondo le modalità previste dall'art. 103 del D.lgs. 50/2016, qualora l'offerente risultasse affidatario. ","La garanzia dovrà avere validità per almeno 180 giorni dal giorno di presentazione dell'offerta e deve contenere scritta a) la rinuncia al beneficio di citazione in anticipo del debitore principale (se non c'è la rinuncia la domanda non è valida); b) la rinuncia all'eccezione di cui si parla nell'art. 1957, comma 2, del codice civile; c) il riferimento alla operatività della garanzia stessa entro quindici giorni se l'amministrazione ne fa richiesta scritta. In qualunque modo sarà offerta la garanzia provvisoria  (in base all'art. 93 del D. Lgs. 50/2016), l'offerta deve essere accompagnata  dall'impegno di un fideiussore che rilascia la garanzia fideiussoria per eseguire il contratto, per i soldi e secondo le modalità decise dall'art. 103 del D. Lgs. 50/2016 nel caso in cui chi fa l'offerta poi risulta vincitore della gara, sennò la domanda non è valida. ",,,2024-04-02T11:47:40.692168,313.0
6d52bcc84ee3fa9bfec74bb009537bd2,41,"Nel caso di Raggruppamenti Temporanei di Imprese o di Consorzi ordinari di concorrenti o di GEIE non ancora formalmente costituiti, la garanzia dovrà essere intestata, a pena di esclusione, a tutti gli operatori economici che costituiranno il Raggruppamento, il Consorzio, il GEIE.","Nel caso di Raggruppamenti Temporanei di Imprese o di Consorzi ordinari di concorrenti o di GEIE non ancora formalmente costituiti, la garanzia deve essere intestata a tutti gli operatori economici che costituiranno il Raggruppamento, il Consorzio, il GEIE, altrimenti la domanda viene esclusa.",,,2024-04-02T11:49:40.027528,29.0
6d52bcc84ee3fa9bfec74bb009537bd2,42,L'aggiudicatario è tenuto a prestare una garanzia definitiva nel rispetto di quanto disposto dall'art 103 del D.lgs. 50/2016. La garanzia definitiva copre gli oneri per il mancato o inesatto adempimento e cessa di avere effetto solo alla data di emissione del certificato di regolare esecuzione.,"Chi vince la gara deve prestare una garanzia definitiva (in base all'art 103 del D. Lgs. 50/2016). La garanzia definitiva copre i costi di un mancato o una inesatta realizzazione, e smette di avere effetto solo quando viene emesso il certificato di regolare esecuzione (del servizio).",,,2024-04-02T11:51:12.813147,92.0
6d52bcc84ee3fa9bfec74bb009537bd2,43,"In caso di raggruppamenti temporanei, le garanzie fideiussorie definitive e le garanzie assicurative sono presentate, su mandato irrevocabile, dalla mandataria in nome e per conto di tutti i concorrenti con responsabilità solidale. Nel caso di raggruppamenti temporanei di tipo verticale la mandataria presenta, unitamente al mandato irrevocabile degli operatori economici raggruppati, le garanzie assicurative dagli stessi prestate per le rispettive responsabilità ""pro quota"".","In caso di raggruppamenti temporanei, le garanzie fideiussorie definitive e le garanzie assicurative sono presentate dalla società mandataria a nome e per conto di tutti gli altri che partecipano alla gara con responsabilità solidale con un comando che non può essere ritirato. Nel caso di raggruppamenti temporanei di tipo verticale la società mandataria presenta sia il mandato che non può essere ritirato degli operatori economici raggruppati sia le garanzie assicurative offerte dagli stessi operatori per le responsabilità di ciascuno in proporzione ""pro quota"".",,,2024-04-02T11:57:19.364661,142.0
6d52bcc84ee3fa9bfec74bb009537bd2,44,"L'aggiudicazione, ai sensi dell'art. 95 comma 2 del D.lgs. 50/2016, sarà effettuata con il criterio dell'offerta economicamente più vantaggiosa. ",La gara viene vinta da chi presenta l'offerta più vantaggiosa dal punto di vista economico (in base all'art. 95 comma 2 del D. Lgs. 50/2016). ,,,2024-04-02T11:58:05.323247,45.0
6d52bcc84ee3fa9bfec74bb009537bd2,45,L'aggiudicazione sarà effettuata a favore del concorrente che avrà riportato il punteggio complessivo più alto determinato dalla somma dei punteggi delle offerte tecnica ed economica. ,La gara verrà vinta dal concorrente che avrà il punteggio complessivo più alto determinato dalla somma dei punteggi delle offerte tecnica ed economica. ,,,2024-04-02T12:10:18.683297,23.0
6d52bcc84ee3fa9bfec74bb009537bd2,46,"In caso di offerte con pari punteggio, si darà precedenza, nell'ordine, alla offerta: 
- che avrà riportato il maggior punteggio per l'offerta tecnica; 
- presentata per prima in base a data e ora di arrivo attestate dall'ufficio protocollo dell'Amministrazione","In caso di offerte con pari punteggio, si darà precedenza, nell'ordine, alla offerta: 
- che avrà riportato il maggior punteggio per l'offerta tecnica; 
- presentata per prima in base a data e ora di arrivo attestate dall'ufficio protocollo dell'Amministrazione",,,2024-04-02T12:10:43.017065,23.0
6d52bcc84ee3fa9bfec74bb009537bd2,47,"Ai fini della valutazione delle offerte tecniche e dell'attribuzione dei relativi punteggi, la Commissione di cui al successivo art. 13, in relazione alle caratteristiche dell'appalto, assegnerà alle ridette offerte tecniche, per ogni criterio elencato nella seguente Tabella B accanto al punteggio massimo ad esso attribuibile, un giudizio tra quelli indicati, unitamente ai corrispondenti coefficienti, nella Tabella C appresso riportata. Il punteggio di ogni criterio scaturirà dal prodotto ottenuto moltiplicando per il coefficiente ad esso assegnato, il punteggio massimo attribuibile allo stesso criterio.","Per valutare le offerte tecniche e per attribuire i punteggi, la Commissione - che sarà descritta all'art. 13 - valuterà in base al tipo di contratto (appalto) e ai criteri elencati nella Tabella B. In particolare darà alle offerte tecniche un punteggio (fino a un massimo già stabilito) per ogni criterio  e un giudizio e infine dei coefficienti come indicati nella Tabella C che trovate qui sotto. Il punteggio di ogni criterio si calcola moltiplicando il punteggio massimo che si può attribuire al criterio per il coefficiente assegnato al criterio.",,,2024-04-02T12:14:42.566917,56.0
6d52bcc84ee3fa9bfec74bb009537bd2,48,"Organizzazione del servizio di raccolta e trasporto anche con riferimento alle macchine che si intendono utilizzare, oltre a quelle messe a disposizioni dall'Ente appaltante, ottimizzando i tempi di esecuzione anche sotto il profilo della frequenza.","Organizzazione del servizio di raccolta e di trasporto anche indicando le macchine che si utilizzeranno oltre a quelle che l'Ente appaltante mette a disposizione, in modo che il servizio offerto avrà tempi di realizzazione migliori come frequenza di passaggio delle macchine.",,,2024-04-02T12:20:43.619198,69.0
6d52bcc84ee3fa9bfec74bb009537bd2,49,"Organizzazione del servizio di raccolta RAEE, rifiuti abbandonati, RUP (Rifiuti Urbani Pericolosi) e gestione dei Centri Comunali di Raccolta.","Organizzazione del servizio di raccolta RAEE, rifiuti abbandonati, RUP (Rifiuti Urbani Pericolosi) e gestione dei Centri Comunali di Raccolta.",,,2024-04-02T12:21:25.952191,2.0
6d52bcc84ee3fa9bfec74bb009537bd2,50,"poter disporre, in caso di imprevisti, guasti o emergenze, di personale e mezzi in misura sufficiente a garantire la continuità del servizio nelle condizioni contrattuali per qualsiasi causa non imputabile all'Amministrazione","poter disporre, in caso di imprevisti, di guasti o di emergenze, di personale e mezzi in misura sufficiente a garantire la continuità del servizio nelle condizioni contrattuali per qualsiasi causa che non dipende dall'Amministrazione",,,2024-04-02T12:21:59.834563,33.0
6d52bcc84ee3fa9bfec74bb009537bd2,51,servizi aggiuntivi alla cittadinanza con particolare 4 riguardo alle utenze che necessitano di servizi personalizzati (disabili ecc.),servizi aggiuntivi alla cittadinanza con particolare riguardo a cittadini che hanno bisogno di servizi personalizzati (disabili ecc.),,,2024-04-02T12:22:58.342529,2.0
6d52bcc84ee3fa9bfec74bb009537bd2,52,Soluzioni tecniche per il ritiro dei rifiuti alle utenze condominiali,Soluzioni tecniche per ritirare i rifiuti presso utenze di condominio,,,2024-04-02T12:23:17.962417,19.0
6d52bcc84ee3fa9bfec74bb009537bd2,53,"Sistemi di controllo del corretto conferimento dei rifiuti da parte delle utenze, con particolare attenzione a quelle condominiali e fluttuanti","Sistemi per controllare che i rifiuti sono depositati bene da parte delle utenze, con particolare attenzione a quelle dei condomini e a quelle in movimento ",,,2024-04-02T12:24:02.639174,44.0
6d52bcc84ee3fa9bfec74bb009537bd2,54,Organizzazione della campagna di informazione e sensibilizzazione,Organizzazione della campagna per informare e sensibilizzare,,,2024-04-02T12:25:01.601804,15.0
6d52bcc84ee3fa9bfec74bb009537bd2,55,Proposta operativa per la consegna domiciliare dei mastelli e degli eventuali materiali,Proposta operativa per consegnare a casa i mastelli e gli eventuali materiali,,,2024-04-02T12:25:17.999068,15.0
6d52bcc84ee3fa9bfec74bb009537bd2,56,"Eventuali proposte tecniche migliorative ed integrative, rispetto a quanto specificato nel Capitolato speciale d'Appalto, offerte dall'impresa e che abbiano attinenza con i servizi oggetto dell'appalto","Possibili proposte tecniche per migliorare e integrare quanto specificato nel Capitolato speciale d'Appalto, che sono offerte dall'impresa e che abbiano a che fare con i servizi trattati nell'appalto (contratto).",,,2024-04-02T12:26:08.326064,49.0
6d52bcc84ee3fa9bfec74bb009537bd2,57,Tale previsione ha validità anche nel caso in cui venga presentata una sola offerta.,Tale previsione vale anche se c'è una sola offerta.,,,2024-04-02T12:26:23.314554,14.0
6d52bcc84ee3fa9bfec74bb009537bd2,58,"Non sono ammesse offerte recanti disposizioni difformi dal presente disciplinare e dal capitolato speciale d'appalto, oppure offerte parziali, condizionate, con riserva o comunque non compilate correttamente.","Non sono ammesse offerte con indicazioni diverse da quelle contenute nel disciplinare e nel capitolato speciale dell'appalto (contratto), oppure offerte non complete, che mettono condizioni, che esprimono riserve o comunque non compilate in modo corretto.",,,2024-04-02T12:27:40.412585,76.0
6d52bcc84ee3fa9bfec74bb009537bd2,59,"L'offerta economica, a pena di esclusione, deve essere espressa in cifre e in lettere e, in caso di difformità, prevale l'importo espresso in lettere.",L'offerta economica deve essere espressa in cifre e in lettere (altrimenti la domanda è respinta); se si scrivono due cose diverse vale il prezzo-valore scritto in lettere.,,,2024-04-02T12:28:40.843632,59.0
6d52bcc84ee3fa9bfec74bb009537bd2,60,"I plichi contenenti l'offerta e le documentazioni, pena l'esclusione dalla gara, devono pervenire a mezzo raccomandata del servizio postale, ovvero mediante agenzia di recapito, entro il termine perentorio delle ore 12:00 del giorno 07.07.2017","I plichi con l'offerta e i documenti devono arrivare con una raccomandata del servizio postale, oppure mediante un'agenzia di recapito, entro le ore 12:00 del giorno 07.07.2017 (in caso contrario la domanda è respinta).",,,2024-04-02T12:29:32.333441,51.0
6d52bcc84ee3fa9bfec74bb009537bd2,61,"Farà fede il timbro d'arrivo posto dall'Amministrazione. È facoltà dei concorrenti la consegna a mano dei plichi, all'ufficio Protocollo della Regione Molise, sito in Campobasso, via XXIV Maggio n. 130, entro il medesimo termine. Il recapito tempestivo dei plichi rimane ad esclusivo rischio dei mittenti.","Vale il timbro d'arrivo posto dall'Amministrazione che riceve le domande. I concorrenti possono consegnare a mano le buste all'ufficio Protocollo della Regione Molise, che si trova a Campobasso, a via XXIV Maggio n. 130 nello stesso giorno e entro lo stesso orario. Far arrivare le buste con le domande è a rischio di chi spedisce.",,,2024-04-02T12:30:51.362529,78.0
6d52bcc84ee3fa9bfec74bb009537bd2,62,"Le offerte che perverranno dopo tale termine non saranno prese in considerazione neppure se sostitutive, integrative e/o modificative di offerte già presentate in tempo utile. ","Le offerte che arrivano dopo la data e l'orario indicati non saranno accolte neppure se sostituiscono, integrano o modicano offerte già presentate in tempo utile. ",,,2024-04-02T12:32:05.509135,73.0
6d52bcc84ee3fa9bfec74bb009537bd2,63,"Il recapito dell'offerta potrà avvenire con raccomandata postale, con corriere o con consegna a mano. Per motivi di natura organizzativa non è consentito l'inoltro della documentazione in formato elettronico. In ogni caso, esso avverrà a esclusivo rischio del mittente e ove, per qualsiasi motivo, l'offerta non giungesse a destinazione in tempo utile, non saranno ammessi reclami. ","L'offerta può essere inviata con raccomandata postale, con corriere o con consegna a mano. Per motivi di natura organizzativa non è consentito mandare l'offerta via mail (in formato elettronico). In ogni caso l'invio è a esclusivo rischio di chi manda e se per un qualsiasi motivo l'offerta non giunge a destinazione in tempo utile non sono ammessi reclami. ",,,2024-04-02T12:56:00.809025,72.0
6d52bcc84ee3fa9bfec74bb009537bd2,64,"L'offerta dovrà essere presentata, a pena di esclusione, in un plico chiuso, i cui lembi di chiusura (tutti) dovranno essere, a pena di esclusione, firmati dal concorrente e sigillati con ceralacca o nastro adesivo (sulla ceralacca dovrà essere apposto un sigillo, sul nastro adesivo la firma del concorrente).","L'offerta dovrà essere presentata in busta chiusa con tutti i bordi di chiusura firmati dal concorrente e chiusi con ceralacca o nastro adesivo (sulla ceralacca dovrà essere apposto un sigillo, sul nastro adesivo la firma del concorrente): in caso contrario l'offerta non è valida.",,,2024-04-02T12:56:55.583650,54.0
6d52bcc84ee3fa9bfec74bb009537bd2,65,"All'esterno, il plico dovrà recare, a pena di esclusione: il mittente, l'indirizzo dell'Amministrazione di cui all'art.1, l'oggetto, la data della gara e il C.I.G. – codice identificativo della gara","Sulla busta ci deve stare scritto nome di chi spedisce, indirizzo dell'Amministrazione (si veda all'art.1), oggetto, data della gara e il C.I.G. (cioè il Codice Identificativo della Gara)",,,2024-04-02T13:01:03.214459,3.0
6d52bcc84ee3fa9bfec74bb009537bd2,66,"Il predetto plico dovrà contenere, a pena di esclusione, le seguenti tre buste.",La busta esterna dovrà contenere a sua volta tre buste (altrimenti la domanda non è valida).,,,2024-04-02T15:45:46.608337,31.0
6d52bcc84ee3fa9bfec74bb009537bd2,67,"essere chiusa e tutti i lembi di chiusura dovranno essere firmati dal concorrente e sigillati con ceralacca o nastro adesivo (sulla ceralacca dovrà essere apposto un sigillo, sul nastro adesivo la firma del concorrente).","essere chiusa e tutti i bordi di chiusura dovranno essere firmati dal concorrente e sigillati con ceralacca o nastro adesivo (sulla ceralacca dovrà essere apposto un sigillo, sul nastro adesivo la firma del concorrente).",,,2024-04-02T15:46:07.077393,20.0
6d52bcc84ee3fa9bfec74bb009537bd2,68,"Domanda di ammissione nella quale il soggetto offerente attesterà che è a conoscenza che la stazione appaltante, nel caso che il provvisorio aggiudicatario, a seguito degli eventuali accertamenti d'ufficio, risultasse non avere i requisiti di legge, provvederà a aggiudicare l'appalto al concorrente che seguirà in graduatoria con conseguente incameramento della cauzione provvisoria e a richiedere il risarcimento dei maggiori danni eventualmente subiti;","La domanda di ammissione nella quale il soggetto che fa l'offerta attesterà che è a conoscenza che la società che dà l'appalto se scopre che il vincitore della gara - fatte le verifiche di ufficio - non avesse i criteri richiesti dalla legge, provvederà a aggiudicare l'appalto a un altro concorrente e cioè quello che viene subito dopo in graduatoria; allo stesso tempo la società che dà l'appalto si tiene la cauzione provvisoria e richiede il risarcimento per altri danni subiti;",,,2024-04-02T15:48:49.266767,161.0
6d52bcc84ee3fa9bfec74bb009537bd2,69,Domanda di ammissione nella quale il soggetto offerente attesterà che è in regola con la normativa antimafia;,La domanda di ammissione nella quale il soggetto che fa l'offerta attesterà che è in regola con le leggi antimafia;,,,2024-04-02T15:49:12.608487,22.0
6d52bcc84ee3fa9bfec74bb009537bd2,70,"Domanda di ammissione nella quale il soggetto offerente attesterà che non avanzerà richiesta alcuna di compenso o di rimborso per la partecipazione alla gara, anche in caso di mancata aggiudicazione o annullamento della gara stessa;","La domanda di ammissione nella quale il soggetto che fa l'offerta attesterà che non chiederà alcun compenso o rimborso per aver partecipato alla gara, anche in caso in cui non vince la gara o se la gara viene annullata;",,,2024-04-02T15:50:04.006129,50.0
6d52bcc84ee3fa9bfec74bb009537bd2,71,"Nel caso di Raggruppamenti Temporanei di Imprese, Consorzi ordinari, GEIE, aggregazioni tra le imprese aderenti al contratto di rete, la predetta domanda dovrà essere prodotta, a pena di esclusione, da ciascuna impresa componente.","Nel caso di Raggruppamenti Temporanei di Imprese, Consorzi ordinari, GEIE, aggregazioni tra le imprese che aderiscono al contratto di rete, la domanda dovrà essere prodotta da ciascuna impresa che fa parte della rete/consorzio, in caso contrario la domanda viene esclusa.",,,2024-04-02T15:50:44.971296,40.0
6d52bcc84ee3fa9bfec74bb009537bd2,72,"Le dichiarazioni, a pena di esclusione, dovranno essere datate e sottoscritte in ogni pagina dal legale rappresentante del soggetto offerente.","Le dichiarazioni dovranno avere la data e essere firmate in ogni pagina dal legale rappresentante del soggetto che fa l'offerta ì, in caso contrario la domanda è esclusa.",,,2024-04-02T15:51:23.498999,38.0
6d52bcc84ee3fa9bfec74bb009537bd2,73,"Le dichiarazioni sostitutive dovranno essere corredate, a pena di esclusione, di copia fotostatica del documento d'identità del sottoscrittore.","Le dichiarazioni che sostituiscono gli atti originali devono essere accompagnate da copia fotostatica del documento d'identità di chi firma, in caso contrario la domanda viene esclusa.",,,2024-04-02T15:52:33.477121,1.0
6d52bcc84ee3fa9bfec74bb009537bd2,74,"Le dichiarazioni, a pena di esclusione, dovranno essere datate e sottoscritte in ogni pagina; quelle sostitutive dovranno essere corredate di copia fotostatica del documento d'identità del sottoscrittore","Le dichiarazioni dovranno essere dotate di data e firma in ogni pagina; le dichiarazioni sostitutive dovranno essere anche accompagnate da copia fotostatica del documento d'identità di chi firma, in caso contrario la domanda è esclusa.",,,2024-04-02T15:53:27.891621,53.0
6d52bcc84ee3fa9bfec74bb009537bd2,75,"Certificato di sopralluogo e presa visione, rilasciato dal Responsabile dell'Ufficio Tecnico del Comune di Rionero Sannitico e vistato dai personale autorizzato dai comuni facenti parte dell'area ""D"".","Il certificato di visita dei luoghi rilasciato dal Responsabile dell'Ufficio Tecnico del Comune di Rionero Sannitico e firmato dal personale autorizzato dei comuni che fanno parte dell'area ""D"".",,,2024-04-02T15:54:09.135519,40.0
6d52bcc84ee3fa9bfec74bb009537bd2,76,"La busta B dovrà, a pena di esclusione, essere chiusa e tutti i lembi di chiusura dovranno essere firmati dal concorrente e sigillati con ceralacca o nastro adesivo (sulla ceralacca dovrà essere apposto un sigillo, sul nastro adesivo la firma del concorrente). ","La busta B dovrà essere chiusa e tutti i bordi di chiusura dovranno essere firmati da chi fa domanda e sigillati con ceralacca o nastro adesivo (sulla ceralacca dovrà essere apposto un sigillo, sul nastro adesivo la firma del concorrente): in caso contrario la domanda è esclusa. ",,,2024-04-02T15:54:39.473816,29.0
6d52bcc84ee3fa9bfec74bb009537bd2,77,"Nella busta dovrà essere inserita, a pena di esclusione, una relazione tecnica descrittiva dei servizi indicati nel Capitolato Speciale e nei suoi allegati. ","Nella busta dovrà essere inserita una relazione tecnica che descrive i servizi indicati nel Capitolato Speciale e nei suoi allegati, in caso contrario la domanda è esclusa. ",,,2024-04-02T15:55:04.309378,24.0
6d52bcc84ee3fa9bfec74bb009537bd2,78,"Tale offerta, redatta in lingua italiana, sottoscritta dal legale rappresentante dell'impresa partecipante e dai legali rappresentanti delle eventuali imprese raggruppate, dovrà consistere in una relazione dattiloscritta (max 20 fogli formato A4) corredata da allegati tecnici che illustrerà i contenuti e le modalità di realizzazione del servizio proposto, in particolare dovranno essere evidenziati i seguenti elementi:","L'offerta, scritta in lingua italiana, firmata dal legale rappresentante dell'impresa che partecipa alla gara e dai legali rappresentanti delle eventuali imprese raggruppate, dovrà consistere in una relazione scritta a macchina o al PC (max 20 fogli formato A4) accompagnata da allegati tecnici; essa illustrerà i contenuti e le modalità in cui si vuole realizzare il servizio proposto, in particolare dovranno essere dichiarati i seguenti elementi:",,,2024-04-02T15:56:13.669683,68.0
6d52bcc84ee3fa9bfec74bb009537bd2,79,Organizzazione del servizio di raccolta e trasporto anche con riferimento alle macchine che si intendono utilizzare ottimizzando i tempi di esecuzione anche sotto il profilo della frequenza;,"In che modo è organizzata la raccolta, il trasporto anche con riferimento alle macchine che si utilizzeranno per migliorare i tempi di esecuzione del servizio anche considerando quanto spesso verrà fatto;",,,2024-04-02T15:57:15.431390,61.0
6d52bcc84ee3fa9bfec74bb009537bd2,80,"poter disporre, in caso di imprevisti, guasti o emergenze, di personale e mezzi in misura sufficiente a garantire la continuità del servizio nelle condizioni contrattuali per qualsiasi causa non imputabile all'Amministrazione;","poter disporre, in caso di imprevisti, di guasti o di emergenze, di personale e mezzi sufficienti a garantire la continuità del servizio nelle condizioni contrattuali per qualsiasi causa che non dipende dall'Amministrazione;",,,2024-04-02T16:02:57.245913,1.0
6d52bcc84ee3fa9bfec74bb009537bd2,81,"progetto di gestione del centro comunale di raccolta sotto i profili delle modalità di identificazione degli utenti, dell'organizzazione dell'accoglienza e della registrazione qualitativa e quantitativa dei conferimenti e dell'abbinamento ai relativi utenti conferenti, del potenziamento del centro di raccolta e delle ore di apertura;","progetto per gestire il centro comunale di raccolta relativamente a come identificare gli utenti, organizzare l'accoglienza e registrare a livello di qualità e quantità la consegna dei rifiuti e l'associazione tra rifiuti e utenti, potenziare il centro di raccolta e le ore di apertura;",,,2024-04-02T16:10:21.439607,105.0
6d52bcc84ee3fa9bfec74bb009537bd2,82,Soluzioni tecniche per il ritiro dei rifiuti alle utenze condominiali,Soluzioni tecniche per ritirare i rifiuti dei condomini ,,,2024-04-02T16:10:42.031944,20.0
6d52bcc84ee3fa9bfec74bb009537bd2,83,"Sistemi di controllo del corretto conferimento dei rifiuti da parte delle utenze, con particolare attenzione a quelle condominiali e fluttuanti;","Sistemi per controllare il corretto deposito dei rifiuti da parte degli utenti, con particolare attenzione a quelle dei condomini e quelle non fisse;",,,2024-04-02T16:11:11.179724,28.0
6d52bcc84ee3fa9bfec74bb009537bd2,84,"Eventuali proposte tecniche migliorative ed integrative, rispetto a quanto specificato nel Capitolato speciale d'Appalto, offerte dall'impresa e che abbiano attinenza con i servizi oggetto dell'appalto;","Eventuali proposte tecniche per migliorare e integrare quanto specificato nel Capitolato speciale d'Appalto, proposte che sono offerte dall'impresa e che abbiano un legame con i servizi oggetto dell'appalto;",,,2024-04-02T16:11:46.480227,34.0
6d52bcc84ee3fa9bfec74bb009537bd2,85,"L'offerta tecnica, a pena di esclusione, dovrà essere datata e sottoscritta in ogni pagina, dal legale rappresentante del soggetto offerente.","L'offerta tecnica deve avere data e firma in ogni pagina a cura del legale rappresentante del soggetto che fa l'offerta, in caso contrario la domanda viene esclusa.",,,2024-04-02T16:12:23.177116,36.0
6d52bcc84ee3fa9bfec74bb009537bd2,86,"La sottoscrizione potrà essere eseguita anche da procuratori dei legali rappresentanti e, in tal caso, dovrà essere allegata, a pena di esclusione, la relativa procura in originale o in copia autenticata","La firma potrà essere messa anche da procuratori dei legali rappresentanti ma in questo caso dovrà essere allegata la procura (affidamento della delega) in originale o in copia autenticata, in caso contrario la domanda sarà esclusa.",,,2024-04-02T16:13:13.719060,50.0
6d52bcc84ee3fa9bfec74bb009537bd2,87,"La busta C, a pena di esclusione, dovrà essere chiusa e tutti i lembi di chiusura dovranno essere firmati dal concorrente e sigillati con ceralacca o nastro adesivo (sulla ceralacca dovrà essere apposto un sigillo, sul nastro adesivo la firma del concorrente);","La busta C dovrà essere chiusa e tutti i bordi di chiusura dovranno essere firmati da chi fa domanda e sigillati con ceralacca o nastro adesivo (sulla ceralacca dovrà essere apposto un sigillo, sul nastro adesivo la firma del concorrente): in caso contrario la domanda è esclusa;",,,2024-04-02T16:13:56.633616,42.0
6d52bcc84ee3fa9bfec74bb009537bd2,88,"La busta C, a pena di esclusione, dovrà contenere l'offerta economica, indicando il prezzo per i tutti i servizi di cui all'art. 1 del Capitolato Speciale.","La busta C dovrà contenere l'offerta economica, indicando il prezzo per i tutti i servizi dell'elenco scritto nell'art. 1 del Capitolato Speciale: in caso contrario la domanda viene esclusa.",,,2024-04-02T16:14:25.836598,28.0
6d52bcc84ee3fa9bfec74bb009537bd2,89,"L'offerta economica, a pena di esclusione, dovrà: 
- essere dichiarata comprensiva di tutti i costi, nessuno escluso, per le prestazioni richieste per l'esecuzione del contratto, nonché dell'utile, delle spese generali e delle spese per imprevisti; 
- indicare, da parte dei concorrenti riuniti in Raggruppamento Temporaneo, i servizi o le parti dei servizi che saranno prestati dai singoli soggetti componenti il raggruppamento e la corrispondente percentuale","L'offerta economica dovrà obbligatoriamente: 
- dichiarare che comprende tutti i costi, nessuno escluso, per i servizi richiesti per eseguire il contratto, nonché costi relativi all'utile, alle spese generali e alle spese per imprevisti; 
- indicare a nome di chi fa domanda riunito in Raggruppamento Temporaneo, quali sono i servizi o le parti dei servizi che saranno prestati ogni soggetto che compone il raggruppamento e la percentuale di servizio prestata da ognuno.",,,2024-04-02T16:16:17.707796,111.0
6d52bcc84ee3fa9bfec74bb009537bd2,90,"L'offerta economica a pena di esclusione, dovrà altresì essere datata e sottoscritta in ogni pagina, dal legale rappresentante del soggetto offerente; ",L'offerta economica dovrà avere data e firma in ogni pagina a cura del legale rappresentante del soggetto che fa l'offerta: in caso contrario la domanda è esclusa; ,,,2024-04-02T16:16:54.997891,36.0
6d52bcc84ee3fa9bfec74bb009537bd2,91,"La sottoscrizione potrà essere eseguita anche da procuratori dei legali rappresentanti e, in tal caso, dovrà essere allegata, a pena di esclusione, la relativa procura in originale o in copia autenticata",La firma potrà essere messa anche da procuratori dei legali rappresentanti  ma in questo caso va allegata la procura in originale o in copia autenticata: in caso contrario la domanda viene esclusa,,,2024-04-02T16:17:29.156974,33.0
6d52bcc84ee3fa9bfec74bb009537bd2,92,"Il giorno 12.07.2017 presso la sede della CUC della Regione Molise in Campobasso – Via XXIV Maggio 130, alle ore 10:00, si riunirà la Commissione giudicatrice nominata ai sensi dell'art. 77 del D.lgs. 50/2016. Alla gara potranno partecipare i legali rappresentanti delle imprese interessate oppure persone munite di specifica delega, loro conferita da suddetti legali rappresentanti. ",Il giorno 12.07.2017 presso la sede della CUC della Regione Molise in Campobasso – Via XXIV Maggio 130 - alle ore 10:00 si riunirà la Commissione giudicatrice nominata (in base all'art. 77 del D. Lgs. 50/2016). Alla gara potranno partecipare i legali rappresentanti delle imprese interessate oppure persone che hanno la delega da parte dei legali rappresentanti. ,,,2024-04-02T16:18:21.571859,52.0
6d52bcc84ee3fa9bfec74bb009537bd2,93,"In seduta pubblica, saranno aperti i plichi regolari, pervenuti entro il termine indicato all'articolo 12 e le buste contenenti la documentazione amministrativa e, in esito all'esame della stessa, sarà pronunciata l'ammissione o l'esclusione dei concorrenti.",In una riunione pubblica saranno aperte le buste pervenute entro il termine indicato all'articolo 12 e le buste che contengono i documenti amministrativi. In base allo studio di questi documenti  sarà comunicato quali concorrenti sono ammessi e quali sono esclusi.,,,2024-04-02T16:19:43.469655,81.0
6d52bcc84ee3fa9bfec74bb009537bd2,94,"Successivamente, la Commissione giudicatrice, in una o più sedute riservate, si riunirà per valutare i progetti (offerte tecniche) presentati dai concorrenti ammessi attribuendo i punteggi previsti all'art. 11 - 11.1).","Successivamente, la Commissione giudicatrice si riunirà una o più volte in modo privato per valutare i progetti (offerte tecniche) presentati dai concorrenti ammessi e attribuirà i punteggi stabiliti all'art. 11 - 11.1.",,,2024-04-02T16:20:24.779250,40.0
6d52bcc84ee3fa9bfec74bb009537bd2,95,"Infine, in seduta pubblica, si renderà conto dei punteggi attribuiti alle offerte tecniche, si procederà all'apertura delle offerte economiche e saranno assegnati i relativi punteggi indicati all'art. 11 - 11.2). ","Infine, in una riunione pubblica, la Commissione renderà noti i punteggi attribuiti alle offerte tecniche, e aprirà le buste delle offerte economiche, assegnerà i relativi punteggi come indicati all'art. 11 - 11.2. ",,,2024-04-02T16:21:09.839871,44.0
6d52bcc84ee3fa9bfec74bb009537bd2,96,"Si stilerà, quindi, la graduatoria sulla base dei punteggi complessivi (somma di quelli per l'offerta tecnica, eventualmente riparametrata, e di quelli per l'offerta economica) conseguiti da ciascun concorrente. ","Alla fine verrà scritta la graduatoria sulla base dei punteggi complessivi (somma di quelli per l'offerta tecnica, eventualmente rivalutata, e di quelli per l'offerta economica) ottenuti da ogni concorrente. ",,,2024-04-02T16:21:45.966044,35.0
6d52bcc84ee3fa9bfec74bb009537bd2,97,I criteri di individuazione e di verifica nonché il procedimento di verifica e di esclusione delle offerte anormalmente basse (offerte anomale) sono regolati dall'art. 97 del D.lgs. 50/2016. ,Per individuare e verificare ed eventualmente escludere offerte troppo basse (offerte anomale) si tiene conto dell'art. 97 del D. Lgs. 50/2016. ,,,2024-04-02T16:22:35.959895,49.0
6d52bcc84ee3fa9bfec74bb009537bd2,98,"Qualora un'offerta fosse ritenuta anomala, si procederà alla verifica di congruità progressivamente nei confronti delle successive migliori offerte, fino a individuare la migliore offerta non anomala. All'esito del procedimento di verifica, la stazione appaltante dichiarerà le eventuali esclusioni di ciascuna offerta che, in base all'esame degli elementi forniti, risultasse, nel suo complesso, inaffidabile, e procederà, nel rispetto delle disposizioni del D.lgs. 50/2016, all'aggiudicazione definitiva in favore della migliore offerta non anomala. ","Se un'offerta è ritenuta anomala, si procederà a verificare la coerenza rispetto a offerte successive e migliori, fino a trovare la migliore offerta non anomala. Dopo la verifica, l'ente che dà l'appalto (contratto) dichiarerà eventuali esclusioni di ogni offerta che risultasse nel suo complesso non affidabile e procederà ad assegnare in modo definito l'appalto a favore della migliore offerta non anomala (in base alle regole del D. Lgs. 50/2016). ",,,2024-04-02T16:24:53.502261,137.0
6d52bcc84ee3fa9bfec74bb009537bd2,99,"Sarà pronunciata, quindi, l'aggiudicazione provvisoria della gara a favore del soggetto offerente che avrà presentato la migliore offerta non anomala.",L'ente pronuncia l'assegnazione provvisoria della gara a favore del soggetto che fa l'offerta migliore non anomala.,,,2024-04-02T16:25:24.822590,30.0
6d52bcc84ee3fa9bfec74bb009537bd2,100,"Conseguentemente, esperite le opportune verifiche previste dalla legge, si procederà all'aggiudicazione definitiva e, acquisita la garanzia per l'esecuzione del contratto e gli altri documenti richiesti dal Capitolato Speciale alla stipulazione del contratto in forma pubblica amministrativa, ai sensi dell'art. 32, comma 14, del D.lgs. 50/2016. ","Dopo aver verificato quanto deciso dalla legge, si procederà a assegnare in modo definitivo l'appalto e verrà presa la garanzia per eseguire il contratto e gli altri documenti richiesti dal Capitolato Speciale al momento della firma pubblica amministrativa del contratto (in base all'art. 32, comma 14, del D. Lgs. 50/2016). ",,,2024-04-02T16:27:12.135432,106.0
6d52bcc84ee3fa9bfec74bb009537bd2,101,"Prima della stipulazione del contratto, le imprese che si saranno presentate in Raggruppamento Temporaneo, Consorzio ordinario, aggregazioni di imprese di rete o GEIE da costituire dovranno costituire formalmente il Raggruppamento Temporaneo, il Consorzio ordinario, il raggruppamento di rete o il GEIE.","Prima di far partire il contratto, le imprese che si saranno presentate in Raggruppamento Temporaneo, Consorzio ordinario, aggregazioni di imprese di rete o GEIE da costituire dovranno costituire formalmente il Raggruppamento Temporaneo, il Consorzio ordinario, il raggruppamento di rete o il GEIE.",,,2024-04-02T16:39:01.350245,8.0
6d52bcc84ee3fa9bfec74bb009537bd2,102,"In sede di verifica, per la comprova delle dichiarazioni rese in sede di gara, in merito alla capacità economico – finanziaria e alla capacità tecnico – organizzativa, i soggetti tenuti dovranno presentare: 
- per i requisiti di fatturato: copia dei bilanci d'esercizio o delle dichiarazioni IVA o, per i prestatori di servizi stabiliti in Stati membri che non prevedono la pubblicazione del bilancio, documentazione equipollente; 
- per l'elenco dei principali servizi: se trattasi di servizi e forniture prestati a favore di Amministrazioni o Enti pubblici, essi saranno provati da certificati rilasciati e vistati dalle Amministrazioni o dagli Enti medesimi; se trattasi di servizi e forniture prestati a privati, l'effettuazione della prestazione sarà dichiarata da questi, o in mancanza, dallo stesso concorrente; 
- i documenti attestanti l'iscrizione all'Albo dei Gestori Ambientali, istituito ai sensi dell'art. 212 del D.lgs.152/2006 e s. m. e i., per le categorie e classi di cui al DM 406/1998 dichiarate","Al momento delle verifiche per le dichiarazioni scritte durante la gara e che riguardano la capacità economico – finanziaria la capacità tecnico – organizzativa, i soggetti vincitori dovranno presentare: 
- per il fatturato: la copia dei bilanci d'esercizio o delle dichiarazioni IVA o, per chi presta servizi stabiliti in Stati membri che non prevedono la pubblicazione del bilancio, la documentazione equivalente; 
- per l'elenco dei principali servizi: se sono servizi e forniture prestati a favore di Amministrazioni o Enti pubblici, sono accompagnati da certificati rilasciati e vistati dalle Amministrazioni o dagli Enti; se sono servizi e forniture prestati a privati, la prestazione realizzata sarà dichiarata dai privati o dallo stesso concorrente; 
- i documenti che attestano l'iscrizione all'Albo dei Gestori Ambientali, albo creato in base all'art. 212 del D. Lgs.152/2006 e s. m. e i., per le categorie e classi di cui si parla nel DM 406/1998 dichiarate",,,2024-04-02T16:42:14.146084,192.0
6d52bcc84ee3fa9bfec74bb009537bd2,103,"Si rammenta che il concorrente, singolo o consorziato o raggruppato potrà soddisfare la richiesta relativa al possesso dei requisiti di carattere economico, finanziario, tecnico, organizzativo, avvalendosi dei requisiti di altro soggetto.","Si ricorda che il concorrente, singolo o in consorzio o in gruppo, potrà soddisfare la richiesta relativa al possesso dei criteri di carattere economico, finanziario, tecnico, organizzativo, anche facendosi aiutare con i criteri di altro soggetto.",,,2024-04-02T16:46:36.943495,10.0
6d52bcc84ee3fa9bfec74bb009537bd2,104,"I requisiti di capacità tecnica e professionale riportati nel punto devono intendersi come requisiti ""soggettivi"" necessari per assicurare il corretto espletamento del servizio e titolo autorizzatorio al suo esercizio e, pertanto, non sono suscettibili di alcuna forma di sostituzione, né per essi è possibile ricorrere all'avvalimento;","I criteri di capacità tecnica e professionale riportati nel punto devono essere ""soggettivi"", necessari per assicurare la corretta realizzazione del servizio e per autorizzare il suo esercizio e, quindi , non possono essere sostituiti con i requisiti di altre società, né per essi si può ricorrere all'avvalimento (avvalersi);",,,2024-04-02T16:48:13.332072,95.0
6d52bcc84ee3fa9bfec74bb009537bd2,105,"Il concorrente sarà vincolato alla propria offerta per centottanta giorni dalla scadenza del termine per la presentazione di cui all'art. 12, salvo proroghe richieste dalla stazione appaltante. ","Il concorrente sarà obbligato a restare fedele alla propria offerta per 180 giorni da quando scade il termine per presentare le domande (vedi qui all'art. 12), salvo spostamenti in avanti del tempo richiesti dall'ente che chiede l'appalto. ",,,2024-04-02T16:49:32.863023,79.0
6d52bcc84ee3fa9bfec74bb009537bd2,106,"L'impresa aggiudicataria si impegna a mantenere l'offerta valida per tutta la durata del contratto, fatta salva le revisioni di Legge.","L'impresa che vince la gara si impegna a mantenere l'offerta valida per tutta la durata del contratto, tranne se non ci sono revisioni per Legge.",,,2024-04-02T16:49:59.596424,26.0
6d52bcc84ee3fa9bfec74bb009537bd2,107,"È consentito il subappalto nella misura consentita dalla normativa vigente, purché indicato in sede di offerta ovvero successivamente previa autorizzazione della stazione appaltante.","È possibile offrire una parte del contratto in una misura prevista dalle leggi italiane, ma va detto al momento dell'offerta oppure dopo, ma facendosi autorizzare dall'ente  che dà l'appalto.",,,2024-04-02T16:51:12.507305,72.0
6d52bcc84ee3fa9bfec74bb009537bd2,108,"Per eventuali richieste di informazioni e documenti complementari, nonché per chiarimenti di natura procedurale, il concorrente potrà rivolgersi, tramite richiesta scritta inviata via e-mail all'UFFICIO TECNICO del Comune di Rionero Sannitico.","Per eventuali richieste di informazioni e altri documenti, per chiarimenti sulle procedure, il concorrente potrà fare una richiesta scritta inviata via e-mail all'UFFICIO TECNICO del Comune di Rionero Sannitico.",,,2024-04-02T16:51:55.229243,42.0
6d52bcc84ee3fa9bfec74bb009537bd2,109,"Le richieste di informazioni complementari e di chiarimenti, pena la non considerazione delle stesse, dovranno pervenire esclusivamente via e-mail all'indirizzo di posta sopraindicato e saranno riscontrate, sempre che siano state presentate in tempo utile, direttamente al richiedente per iscritto via e-mail e, se di interesse generale, saranno pubblicate in forma anonima sul sito del Comune di Rionero Sannitico, almeno sei giorni prima del termine ultimo di presentazione delle offerte.","Le richieste di altre informazioni e di chiarimenti dovranno arrivare solo via e-mail all'indirizzo di posta indicato sopra e verranno considerate se sono state presentate in tempo utile, direttamente a chi lo ha richiesto in forma scritta via e-mail oppure se sono questioni che interessano tutti saranno pubblicate in forma anonima sul sito del Comune di Rionero Sannitico, almeno sei giorni prima della data di scadenza della presentazione delle offerte.",,,2024-04-02T16:53:31.674945,96.0
6d52bcc84ee3fa9bfec74bb009537bd2,110,"Tutti i documenti di gara, compreso il disciplinare tecnico e il capitolato speciale d'appalto, sono reperibili sul sito internet del Comune di Rionero Sannitico o ritirabili, previo pagamento delle spese, presso l'ufficio tecnico dello stesso Comune di Rionero Sannitico.","Tutti i documenti di gara, compreso il disciplinare tecnico e il capitolato speciale d'appalto, si trovano sul sito internet del Comune di Rionero Sannitico o si possono ritirare pagando le spese di copia presso l'ufficio tecnico dello stesso Comune di Rionero Sannitico.",,,2024-04-02T16:54:02.522707,30.0
6d52bcc84ee3fa9bfec74bb009537bd2,111,"Si informano i concorrenti che i dati raccolti saranno utilizzati esclusivamente per il perfezionamento della presente procedura, per l'attuazione dei rapporti contrattuali con l'aggiudicatario, per gli adempimenti contabili e fiscali. ","Si informano i concorrenti che i dati raccolti saranno utilizzati solo per la procedura, e per mettere in atto il contratto con il vincitore, o per le pratiche contabili e fiscali. ",,,2024-04-02T16:54:50.947636,48.0
6d52bcc84ee3fa9bfec74bb009537bd2,112,"I dati potranno essere trattati sia in forma cartacea sia in forma elettronica nel rispetto dei principi di liceità, correttezza, riservatezza e nel rispetto di tutte le misure di sicurezza prescritte dal D.lgs.196/2003.","I dati potranno essere trattati sia su carta sia elettronicamente rispettando le regole di ciò che è ammesso per legge, di correttezza, di riservatezza e nel rispetto delle misure di sicurezza previste dal D. Lgs.196/2003.",,,2024-04-02T16:55:45.165680,53.0
6d52bcc84ee3fa9bfec74bb009537bd2,113,"I dati potranno essere comunicati alle imprese incaricate dal Comune di Rionero Sannitico (IS) dei servizi di informazione e comunicazione sulla gestione dei rifiuti, nonché ad istituti di credito per l'esecuzione dei pagamenti o a consulenti esterni per gli adempimenti contabili e fiscali nonché a Enti o Istituzioni in adempimento di quanto prescritto dalla Legge. ","I dati potranno essere comunicati alle imprese incaricate dal Comune di Rionero Sannitico (IS) per fare informazione e comunicazione sulla gestione dei rifiuti, nonché a Banche per eseguire i pagamenti o a consulenti esterni le pratiche contabili e fiscali o infine a Enti o Istituzioni per adempiere quanto previsto dalla Legge. ",,,2024-04-02T16:56:49.121666,63.0
6d52bcc84ee3fa9bfec74bb009537bd2,114,"I dati raccolti saranno soggetti, inoltre, alle forme di pubblicità prescritte dalle vigenti norme in materia di procedimenti amministrativi e di contratti pubblici. ","I dati raccolti saranno soggetti, inoltre, alla pubblicità prevista dalle leggi in materia di procedimenti amministrativi e di contratti pubblici. ",,,2024-04-02T16:57:11.743645,22.0
6d52bcc84ee3fa9bfec74bb009537bd2,115,Il conferimento dei dati avrà carattere obbligatorio per la partecipazione alla presente procedura. La mancanza o l'incompletezza dei dati non consentirà di dar corso alla presente procedura e non consentirà l'ammissione del concorrente alla stessa. ,Chi vuole partecipare alla gara deve autorizzare il trattamento dei dati. Se i dati mancano o sono incompleti si potrà partecipare alla gara. ,,,2024-04-02T16:58:24.980501,72.0
6d52bcc84ee3fa9bfec74bb009537bd2,116,Titolare del trattamento è il Comune di Rionero Sannitico (IS).,Il titolare del trattamento dei dati è il Comune di Rionero Sannitico (IS).,,,2024-04-02T16:58:37.035842,11.0
6d52bcc84ee3fa9bfec74bb009537bd2,117,"I concorrenti dovranno ottenere, a pena di esclusione, il Certificato di sopralluogo e presa visione. Per partecipare alla gara, il legale rappresentante del concorrente, o un suo delegato, dovrà eseguire un sopralluogo su tutti i territori dove dovrà essere svolto il servizio. Il certificato di presa visione e sopralluogo dovrà necessariamente riportare il visto dei tecnici o personale delegato dei comuni appartenenti aera ""D""","I concorrenti dovranno ottenere il Certificato di aver fatto visita ai luoghi , in caso contrario la domanda è esclusa. Per partecipare alla gara, il legale rappresentante del concorrente, o un suo delegato, dovrà eseguire una visita sui territori in cui si svolgerà il servizio. Il certificato di questa visita dovrà riportare il visto dei tecnici o del personale delegato dei comuni appartenenti all'aera ""D""",,,2024-04-02T16:59:42.599970,65.0
6d52bcc84ee3fa9bfec74bb009537bd2,118,"A tal fine, per partecipare alla gara, il legale rappresentante del concorrente, o suo delegato, dovrà eseguire detto sopralluogo con il personale indicato tecnico comunale. Il sopralluogo potrà essere effettuato, fino al secondo e ultimo giorno previsto per la presentazione delle offerte previo appuntamento telefonico ai seguenti numeri","Per partecipare alla gara, il legale rappresentante del concorrente, o suo delegato, dovrà eseguire questa visita insieme al personale tecnico comunale come scritto in queto bando di gara. La visita potrà essere effettuata fino al secondo e ultimo giorno previsto per la presentazione delle offerte, e occorre fare appuntamento telefonico ai seguenti numeri",,,2024-04-02T17:00:40.232865,56.0
6d52bcc84ee3fa9bfec74bb009537bd2,119,"A sopralluogo effettuato, il tecnico comunale rilascerà detta Certificato che andrà allegato alla documentazione di gara. Nel caso di Raggruppamenti Temporanei d'Impresa, Consorzi, aggregazioni di imprese di rete, GEIE, sia già formalmente costituiti sia da costituire, il Certificato di sopralluogo da allegare ai documenti di gara sarà quello dell'impresa mandataria capogruppo;","Fatta la visita, il tecnico del comune rilascerà il Certificato che andrà allegato ai documenti per partecipare alla gara. Nel caso di Raggruppamenti Temporanei d'Impresa, Consorzi, aggregazioni di imprese di rete, GEIE, sia già formalmente costituiti sia da costituire, il Certificato da allegare ai documenti di gara sarà riferito all'impresa mandataria capogruppo;",,,2024-04-02T17:01:30.352149,49.0
6d52bcc84ee3fa9bfec74bb009537bd2,120,"l'Amministrazione si riserva di procedere all'aggiudicazione a anche nel caso in cui pervenisse una sola offerta valida, purché ritenuta congrua e conveniente, a proprio insindacabile giudizio. Si riserva, altresì, per qualsiasi causa legittima, di non procedere all'aggiudicazione o di annullare la gara, senza che i concorrenti possano pretendere nulla a qualsiasi titolo. Non saranno previsti rimborsi per la presentazione delle offerte;","l'Amministrazione può aggiudicare la gara anche se perviene una sola offerta valida, purché l'offerta sia ritenuta congrua e conveniente, e questo a giudizio dell'amministrazione che non può essere messo in discussione. L'amministrazione per qualsiasi ragione legittima, può anche decidere di non assegnare l'appalto o di annullare la gara, senza che i concorrenti possano pretendere nulla a qualsiasi titolo. Non saranno previsti rimborsi per aver presentato le offerte;",,,2024-04-02T17:03:14.779840,104.0
6d52bcc84ee3fa9bfec74bb009537bd2,121,"in caso di offerte con pari punteggio, si darà precedenza nell'ordine all'offerta: 
- che avrà riportato il maggior punteggio per l'offerta tecnica; 
- presentata per prima in base a data e ora di arrivo attestata dall'ufficio protocollo dell'Amministrazione","in caso di offerte con pari punteggio, si darà precedenza nell'ordine all'offerta: 
- che avrà riportato il maggior punteggio per l'offerta tecnica; 
- presentata per prima in base alla data e all'ora di arrivo documentata dall'ufficio protocollo dell'Amministrazione",,,2024-04-02T17:03:37.267250,22.0
6d52bcc84ee3fa9bfec74bb009537bd2,122,"il subappalto è ammesso nei limiti di legge. Il concorrente è tenuto a indicare, in sede di presentazione dell'offerta, i servizi, le forniture e i lavori strumentali o le parti di servizi e forniture che intenderà eventualmente subappaltare. L'Amministrazione pagherà all'Affidatario il canone per i servizi comprensivo di quelli subappaltati. È fatto obbligo all'Affidatario di trasmettere, entro venti giorni dalla data di ciascun pagamento ricevuto copia delle fatture quietanzate relative ai pagamenti dallo stesso corrisposti al subappaltatore con l'indicazione delle ritenute di garanzia effettuate. Qualora l'Affidatario non trasmettesse le fatture quietanziate del subappaltatore entro il predetto termine, l'Amministrazione sospenderà il successivo pagamento a favore dell'Affidatario;","il subappalto è ammesso nei limiti di legge. Il concorrente è tenuto a indicare quando presenta l'offerta, i servizi, le forniture e i lavori strumentali o le parti di servizi e forniture che intenderà eventualmente subappaltare, cioè affidare a un'altra impresa. L'Amministrazione pagherà al vincitore il canone per i servizi includendo i servizi dati a un'altra ditta in subappalto. Il vincitore deve trasmettere, entro venti giorni dalla data di ogni pagamento ricevuto, la copia delle fatture relative ai pagamenti che il vincitore ha pagato a chi ha il subappalto indicando le ritenute di garanzia effettuate. Se il vincitore non trasmette le fatture del subappaltatore entro la scadenza di venti gionri, l'Amministrazione sospenderà il successivo pagamento a favore del Vincitore;",,,2024-04-02T17:06:34.007139,176.0
6d52bcc84ee3fa9bfec74bb009537bd2,123,le eventuali controversie riferite all'esecuzione del contratto (ivi comprese quelle concernenti la sua interpretazione) saranno risolte secondo quanto previsto dall'art. 31 del Capitolato Speciale;,le eventuali discussioni legate alla realizzazione del contratto (comprese quelle che riguardano la sua interpretazione) saranno risolte secondo quanto previsto dall'art. 31 del Capitolato Speciale;,,,2024-04-02T17:07:06.120264,31.0
6d52bcc84ee3fa9bfec74bb009537bd2,124,"costituiscono parte integrante e sostanziale del presente Bando, il Disciplinare di gara e i relativi allegati e il Capitolato Speciale e i relativi allegati;","il Disciplinare di gara e i relativi allegati e il Capitolato Speciale e i relativi allegati fanno parte a tutti gli effetti del Bando, ;",,,2024-04-02T17:09:50.731852,1.0
6d52bcc84ee3fa9bfec74bb009537bd2,125,"al termine della procedura, l'Amministrazione procederà tempestivamente alle comunicazioni come previsto dal D.lgs. 50/2016. Ai fini della stipulazione del contratto, sarà rispettato il termine dilatorio di cui all'art. 32, comma 9, del D.lgs. 50/2016, per cui il contratto non potrà essere stipulato prima di trentacinque giorni dall'invio dell'ultima delle comunicazioni del provvedimento di aggiudicazione definitiva.","al termine della procedura, l'Amministrazione procederà a comunicare (come previsto dal D. Lgs. 50/2016) il risultato. Per stipulare il contratto, sarà rispettato il termine stabilito per legge (di cui si parla all'art. 32, comma 9, del D. Lgs. 50/2016). Il contratto non potrà essere stipulato prima di 35 giorni dall'invio dell'ultima delle comunicazioni dell'atto che stabilisce chi ha vinto definitivamente.",,,2024-04-02T17:11:46.277597,115.0
6d52bcc84ee3fa9bfec74bb009537bd2,126,"nella domanda di partecipazione, il concorrente sarà tenuto a indicare il proprio numero di fax, la propria PEC e il proprio domicilio eletto per le comunicazioni previste ai sensi del D.Lgs. 50/2016;","nella domanda di partecipazione, il concorrente deve indicare obbligatoriamente il numero di fax, la propria PEC e il proprio domicilio eletto per le comunicazioni previste (in base al D. Lgs. 50/2016);",,,2024-04-02T17:12:18.417028,31.0
6d52bcc84ee3fa9bfec74bb009537bd2,127,"ai sensi e per gli effetti dell'art. 209 comma 2 del D.lgs. 50/20106, il contratto non conterrà la clausola compromissoria;","in base all'art. 209 comma 2 del D. Lgs. 50/20106, il contratto non conterrà la clausola compromissoria;",,,2024-04-02T17:12:40.484552,21.0
6d52bcc84ee3fa9bfec74bb009537bd2,128,il contratto sarà stipulato mediante forma pubblica amministrativa a cura dell'ufficiale rogante dell'Amministrazione. Tutte le spese contrattuali e conseguenti sono a carico dell'impresa affidataria;,"il contratto sarà del tipo contratto pubblico amministrativo, a cura dell'ufficiale rogante dell'Amministrazione. Tutte le spese contrattuali sono a carico dell'impresa che vince;",,,2024-04-02T17:13:08.956832,28.0
6d52bcc84ee3fa9bfec74bb009537bd2,129,"in caso di fallimento dell'Affidatario o di risoluzione del contratto per grave inadempimento del medesimo, l'Amministrazione interpellerà progressivamente i soggetti che hanno partecipato all'originaria procedura di gara, risultanti dalla relativa graduatoria, al fine di stipulare un nuovo contratto per l'affidamento del completamento dei lavori. Si procede all'interpello a partire dal soggetto che ha formulato la prima migliore offerta, fino al quinto migliore offerente escluso l'originario aggiudicatario. L'affidamento avviene alle medesime condizioni già proposte dall'originario aggiudicatario in sede in offerta;","in caso di fallimento del vincitore, o di scioglimento del contratto per grave inadempimento del vincitore, l'Amministrazione interpellerà via via i soggetti che hanno partecipato alla gara, e che fanno parte della graduatoria, per poter stipulare un nuovo contratto e affidare di completare i lavori. Si inizia a interpellare il soggetto che ha formulato la prima migliore offerta, fino al quinto che ha fatto la migliore offerta, escludendo il primo vincitore. L'affidamento avviene alle medesime condizioni proposte al primo vincitore al momento dell'offerta;",,,2024-04-02T17:15:10.715763,121.0
6d52bcc84ee3fa9bfec74bb009537bd2,130,nel caso di discordanza tra il bando e gli altri atti di gara prevarrà il bando.,nel caso di differenze tra bando e altri atti di gara prevale il bando.,,,2024-04-02T17:15:28.273510,17.0
6d52bcc84ee3fa9bfec74bb009537bd2,131,Procedure di ricorso giurisdizionale amministrativo e strumenti di tutela delle controversie,Le procedure per fare ricorso in tribunale amministrativo e gli strumenti per tutelare le disussioni,,,2024-04-02T17:15:58.384046,29.0
6d52bcc84ee3fa9bfec74bb009537bd2,132,"soggetti che intendono proporre un ricorso giurisdizionale devono informare questa stazione appaltante, con comunicazione scritta e sottoscritta dall'interessato, o da un suo rappresentante e nel rispetto delle modalità ivi previste, della presunta violazione e dell'intenzione di proporre un ricorso giurisdizionale.","I soggetti che vogliono presentare un ricorso in tribunale devono informare l'Ente che dà l'appalto in forma scritta e firmata dall'interessato, o da un suo rappresentante e nel rispetto delle regole previste, scrivendo quale sarebbe la violazione e manifestando l'intenzione di fare ricorso in tribunale.",,,2024-04-02T17:17:15.226042,76.0
6d52bcc84ee3fa9bfec74bb009537bd2,133,"Tutte le norme poste dal presente Bando e Disciplinare di gara dovranno essere ritenute essenziali per l'ammissione alla gara e, quindi, essere tutte scrupolosamente rispettate e applicate. ","Tutte le regole del Bando e del Disciplinare di gara dovranno essere ritenute essenziali essere ammessi alla gara e, quindi, essere tutte rispettate e applicate con grandissima attenzione. ",,,2024-04-02T17:17:49.100696,33.0
6d52bcc84ee3fa9bfec74bb009537bd2,134,"Si sottolinea che l'EFFETTIVA ESCLUSIONE dalla procedura d'appalto del concorrente sarà disposta dalla stazione appaltante/Commissione di gara nei casi di incertezza assoluta sul contenuto o sulla provenienza dell'offerta, per difetto di sottoscrizione o di altri elementi essenziali ovvero in caso di non integrità dei plichi contenenti l'offerta, l'offerta tecnica o la domanda di partecipazione alla gara o altre irregolarità relative alla chiusura dei plichi, tali da far ritenere, secondo le circostanze concrete, che sia stato violato il principio di segretezza delle offerte.","Si sottolinea che il concorrente è escluso in modo definitivo dalla gara da parte dell'ente che dà l'appalto / e dalla Commissione di gara nei casi in cui pur non avendo alcuna notizia del contenuto o della provenienza dell'offerta, si osserva che non c'è la firma o mancano altri elementi essenziali ovvero se le buste che contengono l'offerta, l'offerta tecnica o la domanda di partecipazione alla gara non sono complete o se ci verificano altre irregolarità relative alla chiusura delle buste, così che si può pensare, sulla base di fatti concreti, che sia stato violato il principio di segretezza delle offerte.",,,2024-04-02T17:20:44.620602,175.0
